MUNICÍPIO - TOM;UF
GUAJARÁ-MIRIM;RO
ALTO ALEGRE DOS PARECIS;RO
PORTO VELHO;RO
BURITIS;RO
JI-PARANÁ;RO
CHUPINGUAIA;RO
ARIQUEMES;RO
CUJUBIM;RO
CACOAL;RO
NOVA UNIÃO;RO
PIMENTA BUENO;RO
PARECIS;RO
VILHENA;RO
PIMENTEIRAS DO OESTE;RO
JARU;RO
PRIMAVERA DE RONDÔNIA;RO
OURO PRETO DO OESTE;RO
SÃO FELIPE D'OESTE;RO
PRESIDENTE MÉDICI;RO
SÃO FRANCISCO DO GUAPORÉ;RO
COSTA MARQUES;RO
TEIXEIRÓPOLIS;RO
COLORADO DO OESTE;RO
VALE DO ANARI;RO
ESPIGÃO D'OESTE;RO
AMAJARI;RR
CEREJEIRAS;RO
CANTÁ;RR
ROLIM DE MOURA;RO
CAROEBE;RR
CALDAZINHA;GO
IRACEMA;RR
ALTA FLORESTA D'OESTE;RO
PACARAIMA;RR
ALVORADA D'OESTE;RO
RORAINÓPOLIS;RR
CABIXI;RO
UIRAMUTÃ;RR
MACHADINHO D'OESTE;RO
ANAPU;PA
NOVA BRASILÂNDIA D'OESTE;RO
BANNACH;PA
SANTA LUZIA D'OESTE;RO
BELTERRA;PA
SÃO MIGUEL DO GUAPORÉ;RO
CACHOEIRA DO PIRIÁ;PA
Nova Mamoré;RO
CANAÃ DOS CARAJÁS;PA
JESÚPOLIS;GO
CURUÁ;PA
PROFESSOR JAMIL;GO
FLORESTA DO ARAGUAIA;PA
SANTO ANTÔNIO DE GOIÁS;GO
MARITUBA;PA
COCALZINHO DE GOIÁS;GO
NOVA IPIXUNA;PA
TEREZÓPOLIS DE GOIÁS;GO
PIÇARRA;PA
UIRAPURU;GO
PLACAS;PA
BURITINÓPOLIS;GO
QUATIPURU;PA
BURITI DE GOIÁS;GO
SÃO JOÃO DA PONTA;PA
GUARAÍTA;GO
SAPUCAIA;PA
VILA BOA;GO
TRACUATEUA;PA
INACIOLÂNDIA;GO
VITÓRIA DO JARI;AP
APARECIDA DO RIO DOCE;GO
AGUIARNÓPOLIS;TO
CHAPADÃO DO CÉU;GO
BANDEIRANTES DO TOCANTINS;TO
PEROLÂNDIA;GO
BARRA DO OURO;TO
CIDADE OCIDENTAL;GO
CHAPADA DE AREIA;TO
MONTIVIDIU DO NORTE;GO
CHAPADA DA NATIVIDADE;TO
CASTELÂNDIA;GO
CRIXÁS DO TOCANTINS;TO
SANTO ANTÔNIO DA BARRA;GO
IPUEIRAS;TO
ALTO HORIZONTE;GO
LAVANDEIRA;TO
NOVA IGUAÇU DE GOIÁS;GO
LUZINÓPOLIS;TO
COTRIGUAÇU;MT
MONTE SANTO DO TOCANTINS;TO
PLANALTO DA SERRA;MT
OLIVEIRA DE FÁTIMA;TO
SÃO PEDRO DA CIPA;MT
PUGMIL;TO
PONTAL DO ARAGUAIA;MT
SANTA RITA DO TOCANTINS;TO
QUERÊNCIA;MT
SANTA TEREZINHA DO TOCANTINS;TO
RIBEIRÃOZINHO;MT
TALISMÃ;TO
PORTO ESTRELA;MT
TUPIRAMA;TO
NOVA MARILÂNDIA;MT
ÁGUA DOCE DO MARANHÃO;MA
BRASILÉIA;AC
ALTO ALEGRE DO MARANHÃO;MA
CRUZEIRO DO SUL;AC
ALTO ALEGRE DO PINDARÉ;MA
MÂNCIO LIMA;AC
AMAPÁ DO MARANHÃO;MA
NOVA MARINGÁ;MT
APICUM-AÇU;MA
FEIJÓ;AC
ARAGUANÃ;MA
SANTO AFONSO;MT
BACABEIRA;MA
NOVA BANDEIRANTES;MT
BACURITUBA;MA
NOVA MONTE VERDE;MT
BELÁGUA;MA
NOVA GUARITA;MT
BELA VISTA DO MARANHÃO;MA
SANTA CARMEM;MT
BERNARDO DO MEARIM;MA
TABAPORÃ;MT
BOA VISTA DO GURUPI;MA
ALTO BOA VISTA;MT
BOM JESUS DAS SELVAS;MA
CANABRAVA DO NORTE;MT
BOM LUGAR;MA
CONFRESA;MT
BREJO DE AREIA;MA
SÃO JOSÉ DO XINGU;MT
BURITICUPU;MA
GLÓRIA D'OESTE;MT
BURITIRANA;MA
LAMBARI D'OESTE;MT
CACHOEIRA GRANDE;MA
RIO BRANCO;AC
CAMPESTRE DO MARANHÃO;MA
ALCINÓPOLIS;MS
CAPINZAL DO NORTE;MA
NOVA ALVORADA DO SUL;MS
CENTRAL DO MARANHÃO;MA
SENA MADUREIRA;AC
CENTRO DO GUILHERME;MA
TARAUACÁ;AC
CENTRO NOVO DO MARANHÃO;MA
XAPURI;AC
CIDELÂNDIA;MA
PLÁCIDO DE CASTRO;AC
CONCEIÇÃO DO LAGO-AÇU;MA
SENADOR GUIOMARD;AC
DAVINÓPOLIS;MA
MANOEL URBANO;AC
FEIRA NOVA DO MARANHÃO;MA
ASSIS BRASIL;AC
FERNANDO FALCÃO;MA
NOVO HORIZONTE DO SUL;MS
FORMOSA DA SERRA NEGRA;MA
JAPORÃ;MS
GOVERNADOR EDISON LOBÃO;MA
LAGUNA CARAPÃ;MS
GOVERNADOR LUIZ ROCHA;MA
ANGICO;TO
GOVERNADOR NEWTON BELLO;MA
ARAGOMINAS;TO
GOVERNADOR NUNES FREIRE;MA
ARAGUANÃ;TO
IGARAPÉ DO MEIO;MA
CACHOEIRINHA;TO
ITAIPAVA DO GRAJAÚ;MA
CAMPOS LINDOS;TO
ITINGA DO MARANHÃO;MA
CARMOLÂNDIA;TO
JATOBÁ;MA
CARRASCO BONITO;TO
JENIPAPO DOS VIEIRAS;MA
DARCINÓPOLIS;TO
JUNCO DO MARANHÃO;MA
ESPERANTINA;TO
LAGOA DO MATO;MA
MAURILÂNDIA DO TOCANTINS;TO
LAGO DOS RODRIGUES;MA
PALMEIRAS DO TOCANTINS;TO
LAGOA GRANDE DO MARANHÃO;MA
MURICILÂNDIA;TO
LAJEADO NOVO;MA
PALMEIRANTE;TO
MARACAÇUMÉ;MA
PAU D'ARCO;TO
MARAJÁ DO SENA;MA
RIACHINHO;TO
MARANHÃOZINHO;MA
SANTA FÉ DO ARAGUAIA;TO
MATÕES DO NORTE;MA
SÃO BENTO DO TOCANTINS;TO
MILAGRES DO MARANHÃO;MA
SÃO MIGUEL DO TOCANTINS;TO
NOVA COLINAS;MA
NOVO AIRÃO;AM
NOVA OLINDA DO MARANHÃO;MA
ANORI;AM
OLINDA NOVA DO MARANHÃO;MA
ATALAIA DO NORTE;AM
PAULINO NEVES;MA
AUTAZES;AM
PEDRO DO ROSÁRIO;MA
BARCELOS;AM
PERITORÓ;MA
BARREIRINHA;AM
PORTO RICO DO MARANHÃO;MA
BENJAMIN CONSTANT;AM
PRESIDENTE MÉDICI;MA
BOCA DO ACRE;AM
PRESIDENTE SARNEY;MA
BORBA;AM
RAPOSA;MA
CANUTAMA;AM
RIBAMAR FIQUENE;MA
CARAUARI;AM
SANTA FILOMENA DO MARANHÃO;MA
CAREIRO;AM
SANTANA DO MARANHÃO;MA
COARI;AM
SANTO AMARO DO MARANHÃO;MA
CODAJÁS;AM
SÃO DOMINGOS DO AZEITÃO;MA
EIRUNEPÉ;AM
SÃO FRANCISCO DO BREJÃO;MA
ENVIRA;AM
SÃO JOÃO DO CARÚ;MA
FONTE BOA;AM
SÃO JOÃO DO PARAÍSO;MA
HUMAITÁ;AM
SÃO JOÃO DO SOTER;MA
SANTA ISABEL DO RIO NEGRO;AM
SÃO JOSÉ DOS BASÍLIOS;MA
IPIXUNA;AM
SÃO PEDRO DA ÁGUA BRANCA;MA
ITACOATIARA;AM
SÃO PEDRO DOS CRENTES;MA
ITAPIRANGA;AM
SÃO RAIMUNDO DO DOCA BEZERRA;MA
JAPURÁ;AM
SÃO ROBERTO;MA
JURUÁ;AM
SATUBINHA;MA
JUTAÍ;AM
SENADOR ALEXANDRE COSTA;MA
LÁBREA;AM
SENADOR LA ROCQUE;MA
MANACAPURU;AM
SERRANO DO MARANHÃO;MA
MANAUS;AM
SUCUPIRA DO RIACHÃO;MA
MANICORÉ;AM
TRIZIDELA DO VALE;MA
MARAÃ;AM
TUFILÂNDIA;MA
MAUÉS;AM
TURILÂNDIA;MA
NHAMUNDÁ;AM
VILA NOVA DOS MARTÍRIOS;MA
NOVA OLINDA DO NORTE;AM
ACAUÃ;PI
NOVO ARIPUANÃ;AM
ALVORADA DO GURGUÉIA;PI
PARINTINS;AM
ASSUNÇÃO DO PIAUÍ;PI
PAUINI;AM
BARRA D'ALCÂNTARA;PI
SANTO ANTÔNIO DO IÇÁ;AM
BELA VISTA DO PIAUÍ;PI
SÃO PAULO DE OLIVENÇA;AM
BELÉM DO PIAUÍ;PI
SILVES;AM
BETÂNIA DO PIAUÍ;PI
TAPAUÁ;AM
BOA HORA;PI
TEFÉ;AM
BOQUEIRÃO DO PIAUÍ;PI
SÃO GABRIEL DA CACHOEIRA;AM
BREJO DO PIAUÍ;PI
URUCARÁ;AM
CAJAZEIRAS DO PIAUÍ;PI
URUCURITUBA;AM
CAJUEIRO DA PRAIA;PI
ALVARÃES;AM
CAMPO ALEGRE DO FIDALGO;PI
AMATURÁ;AM
CAMPO GRANDE DO PIAUÍ;PI
ANAMÃ;AM
CAMPO LARGO DO PIAUÍ;PI
BERURI;AM
CAPITÃO GERVÁSIO OLIVEIRA;PI
BOA VISTA DO RAMOS;AM
CARAÚBAS DO PIAUÍ;PI
CAAPIRANGA;AM
CARIDADE DO PIAUÍ;PI
BOA VISTA;RR
CAXINGÓ;PI
CARACARAÍ;RR
COCAL DE TELHA;PI
ALTO ALEGRE;RR
COCAL DOS ALVES;PI
BONFIM;RR
CURRAIS;PI
MUCAJAÍ;RR
CURRALINHOS;PI
NORMANDIA;RR
CURRAL NOVO DO PIAUÍ;PI
SÃO JOÃO DA BALIZA;RR
FLORESTA DO PIAUÍ;PI
SÃO LUIZ;RR
FRANCISCO MACEDO;PI
MATEIROS;TO
GEMINIANO;PI
GUARIBAS;PI
NOVO JARDIM;TO
ILHA GRANDE;PI
RIO DA CONCEIÇÃO;TO
JATOBÁ DO PIAUÍ;PI
TAIPAS DO TOCANTINS;TO
JOÃO COSTA;PI
CARIRI DO TOCANTINS;TO
JOCA MARQUES;PI
JAÚ DO TOCANTINS;TO
JUAZEIRO DO PIAUÍ;PI
SANDOLÂNDIA;TO
JÚLIO BORGES;PI
SÃO SALVADOR DO TOCANTINS;TO
JUREMA;PI
SUCUPIRA;TO
LAGOINHA DO PIAUÍ;PI
ABREULÂNDIA;TO
LAGOA DE SÃO FRANCISCO;PI
BRASILÂNDIA DO TOCANTINS;TO
LAGOA DO PIAUÍ;PI
BOM JESUS DO TOCANTINS;TO
LAGOA DO SÍTIO;PI
CENTENÁRIO;TO
MADEIRO;PI
FORTALEZA DO TABOCÃO;TO
MASSAPÊ DO PIAUÍ;PI
ITAPIRATINS;TO
MILTON BRANDÃO;PI
JUARINA;TO
MORRO CABEÇA NO TEMPO;PI
LAJEADO;TO
MORRO DO CHAPÉU DO PIAUÍ;PI
LAGOA DO TOCANTINS;TO
MURICI DOS PORTELAS;PI
PIRAQUÊ;TO
NOSSA SENHORA DE NAZARÉ;PI
RECURSOLÂNDIA;TO
NOVO SANTO ANTÔNIO;PI
RIO DOS BOIS;TO
OLHO D'ÁGUA DO PIAUÍ;PI
SANTA MARIA DO TOCANTINS;TO
PAJEÚ DO PIAUÍ;PI
SÃO FÉLIX DO TOCANTINS;TO
PAQUETÁ;PI
TUPIRATINS;TO
PAVUSSU;PI
LAGOA DA CONFUSÃO;TO
PEDRO LAURENTINO;PI
SANTA BÁRBARA DO PARÁ;PA
NOVA SANTA RITA;PI
SANTA LUZIA DO PARÁ;PA
PORTO ALEGRE DO PIAUÍ;PI
TERRA ALTA;PA
RIACHO FRIO;PI
ABEL FIGUEIREDO;PA
RIBEIRA DO PIAUÍ;PI
ELDORADO DOS CARAJÁS;PA
SANTO ANTÔNIO DOS MILAGRES;PI
PALESTINA DO PARÁ;PA
SÃO FRANCISCO DE ASSIS DO PIAUÍ;PI
SÃO DOMINGOS DO ARAGUAIA;PA
SÃO GONÇALO DO GURGUÉIA;PI
ÁGUA AZUL DO NORTE;PA
SÃO JOÃO DA FRONTEIRA;PI
CUMARU DO NORTE;PA
SÃO JOÃO DA VARJOTA;PI
PAU D'ARCO;PA
SÃO JOÃO DO ARRAIAL;PI
AURORA DO PARÁ;PA
SÃO LUIS DO PIAUÍ;PI
NOVA ESPERANÇA DO PIRIÁ;PA
SÃO MIGUEL DA BAIXA GRANDE;PI
SÃO JOÃO DE PIRABAS;PA
SÃO MIGUEL DO FIDALGO;PI
TAILÂNDIA;PA
SEBASTIÃO BARROS;PI
TUCUMÃ;PA
SEBASTIÃO LEAL;PI
URUARÁ;PA
SUSSUAPARA;PI
ABAETETUBA;PA
TAMBORIL DO PIAUÍ;PI
ACARÁ;PA
TANQUE DO PIAUÍ;PI
AFUÁ;PA
VERA MENDES;PI
ALENQUER;PA
VILA NOVA DO PIAUÍ;PI
ALMEIRIM;PA
WALL FERRAZ;PI
ALTAMIRA;PA
BODÓ;RN
ANAJÁS;PA
CAIÇARA DO NORTE;RN
ANANINDEUA;PA
FERNANDO PEDROZA;RN
AUGUSTO CORRÊA;PA
ITAJÁ;RN
AVEIRO;PA
MAJOR SALES;RN
BAGRE;PA
RIO DO FOGO;RN
BAIÃO;PA
SANTA MARIA;RN
BARCARENA;PA
PORTO DO MANGUE;RN
BELÉM;PA
TIBAU;RN
BENEVIDES;PA
SÃO MIGUEL DO GOSTOSO;RN
BONITO;PA
SERRINHA DOS PINTOS;RN
BRAGANÇA;PA
TENENTE LAURENTINO CRUZ;RN
BREVES;PA
TRIUNFO POTIGUAR;RN
BUJARU;PA
VENHA-VER;RN
CACHOEIRA DO ARARI;PA
ALCANTIL;PB
CAMETÁ;PA
ALGODÃO DE JANDAÍRA;PB
CAPANEMA;PA
AMPARO;PB
CAPITÃO POÇO;PA
APARECIDA;PB
CASTANHAL;PA
AREIA DE BARAÚNAS;PB
CHAVES;PA
ASSUNÇÃO;PB
COLARES;PA
BARAÚNA;PB
CONCEIÇÃO DO ARAGUAIA;PA
BARRA DE SANTANA;PB
CURRALINHO;PA
BERNARDINO BATISTA;PB
CURUÇÁ;PA
BOA VISTA;PB
FARO;PA
CACIMBAS;PB
GURUPÁ;PA
CAJAZEIRINHAS;PB
IGARAPÉ-AÇU;PA
CAPIM;PB
IGARAPÉ-MIRI;PA
CARAÚBAS;PB
INHANGAPI;PA
CASSERENGUE;PB
IRITUIA;PA
CATURITÉ;PB
ITAITUBA;PA
COXIXOLA;PB
ITUPIRANGA;PA
CUITÉ DE MAMANGUAPE;PB
JACUNDÁ;PA
CURRAL DE CIMA;PB
JURUTI;PA
DAMIÃO;PB
LIMOEIRO DO AJURU;PA
GADO BRAVO;PB
MAGALHÃES BARATA;PA
LOGRADOURO;PB
MARABÁ;PA
MARCAÇÃO;PB
MARACANÃ;PA
MARIZÓPOLIS;PB
MARAPANIM;PA
MATINHAS;PB
MELGAÇO;PA
MATO GROSSO;PB
MOCAJUBA;PA
MATURÉIA;PB
MOJU;PA
PARARI;PB
MONTE ALEGRE;PA
POÇO DANTAS;PB
MUANÁ;PA
POÇO DE JOSÉ DE MOURA;PB
NOVA TIMBOTEUA;PA
PEDRO RÉGIS;PB
ÓBIDOS;PA
RIACHÃO;PB
OEIRAS DO PARÁ;PA
RIACHÃO DO BACAMARTE;PB
ORIXIMINÁ;PA
RIACHÃO DO POÇO;PB
OURÉM;PA
RIACHO DE SANTO ANTÔNIO;PB
PARAGOMINAS;PA
SANTA CECÍLIA;PB
PEIXE-BOI;PA
SANTA INÊS;PB
PONTA DE PEDRAS;PA
JOCA CLAUDINO;PB
PORTEL;PA
SANTO ANDRÉ;PB
PORTO DE MOZ;PA
SÃO BENTINHO;PB
PRAINHA;PA
SÃO DOMINGOS DO CARIRI;PB
PRIMAVERA;PA
SÃO DOMINGOS;PB
SALINÓPOLIS;PA
SÃO FRANCISCO;PB
SALVATERRA;PA
SÃO JOSÉ DOS RAMOS;PB
SANTA CRUZ DO ARARI;PA
SÃO JOSÉ DE PRINCESA;PB
SANTA ISABEL DO PARÁ;PA
SÃO JOSÉ DO BREJO DO CRUZ;PB
SANTA MARIA DO PARÁ;PA
SERTÃOZINHO;PB
SANTANA DO ARAGUAIA;PA
SOBRADO;PB
SANTARÉM;PA
SOSSÊGO;PB
SANTARÉM NOVO;PA
TENÓRIO;PB
SANTO ANTÔNIO DO TAUÁ;PA
VIEIRÓPOLIS;PB
SÃO CAETANO DE ODIVELAS;PA
ZABELÊ;PB
SÃO DOMINGOS DO CAPIM;PA
ARAÇOIABA;PE
SÃO FÉLIX DO XINGU;PA
CASINHAS;PE
SÃO FRANCISCO DO PARÁ;PA
JAQUEIRA;PE
SÃO JOÃO DO ARAGUAIA;PA
JATOBÁ;PE
SÃO MIGUEL DO GUAMÁ;PA
LAGOA GRANDE;PE
SÃO SEBASTIÃO DA BOA VISTA;PA
MANARI;PE
SENADOR JOSÉ PORFÍRIO;PA
SANTA FILOMENA;PE
SOURE;PA
TAMANDARÉ;PE
TOMÉ-AÇU;PA
CAMPESTRE;AL
TUCURUÍ;PA
JEQUIÁ DA PRAIA;AL
VIGIA;PA
ALTO CAPARAÓ;MG
VISEU;PA
ANGELÂNDIA;MG
REDENÇÃO;PA
ARICANDUVA;MG
RIO MARIA;PA
BERIZAL;MG
XINGUARA;PA
BONITO DE MINAS;MG
RONDON DO PARÁ;PA
BRASILÂNDIA DE MINAS;MG
BOM JESUS DO TOCANTINS;PA
BUGRE;MG
BREJO GRANDE DO ARAGUAIA;PA
CABECEIRA GRANDE;MG
CONCÓRDIA DO PARÁ;PA
CAMPO AZUL;MG
CURIONÓPOLIS;PA
CANTAGALO;MG
DOM ELISEU;PA
CATAS ALTAS;MG
GARRAFÃO DO NORTE;PA
CATUTI;MG
MÃE DO RIO;PA
CHAPADA GAÚCHA;MG
MEDICILÂNDIA;PA
CÔNEGO MARINHO;MG
OURILÂNDIA DO NORTE;PA
CONFINS;MG
PACAJÁ;PA
CÓRREGO FUNDO;MG
PARAUAPEBAS;PA
CRISÓLITA;MG
RURÓPOLIS;PA
CUPARAQUE;MG
SANTA MARIA DAS BARREIRAS;PA
CURRAL DE DENTRO;MG
AMAPÁ;AP
DELTA;MG
CALÇOENE;AP
DIVISA ALEGRE;MG
MACAPÁ;AP
DOM BOSCO;MG
MAZAGÃO;AP
FRANCISCÓPOLIS;MG
OIAPOQUE;AP
FREI LAGONEGRO;MG
FERREIRA GOMES;AP
FRUTA DE LEITE;MG
LARANJAL DO JARI;AP
GAMELEIRAS;MG
SANTANA;AP
GLAUCILÂNDIA;MG
TARTARUGALZINHO;AP
GOIABEIRA;MG
SÃO GERALDO DO ARAGUAIA;PA
GOIANÁ;MG
IPIXUNA DO PARÁ;PA
GUARACIAMA;MG
ULIANÓPOLIS;PA
IBIRACATU;MG
BREU BRANCO;PA
IMBÉ DE MINAS;MG
GOIANÉSIA DO PARÁ;PA
INDAIABIRA;MG
NOVO REPARTIMENTO;PA
JAPONVAR;MG
JACAREACANGA;PA
JENIPAPO DE MINAS;MG
NOVO PROGRESSO;PA
JOSÉ GONÇALVES DE MINAS;MG
TRAIRÃO;PA
JOSÉ RAYDAN;MG
TERRA SANTA;PA
JOSENÓPOLIS;MG
BRASIL NOVO;PA
JUVENÍLIA;MG
VITÓRIA DO XINGU;PA
LEME DO PRADO;MG
ACRELÂNDIA;AC
LUISBURGO;MG
BUJARI;AC
LUISLÂNDIA;MG
CAPIXABA;AC
MÁRIO CAMPOS;MG
PORTO ACRE;AC
MARTINS SOARES;MG
EPITACIOLÂNDIA;AC
MIRAVÂNIA;MG
JORDÃO;AC
MONTE FORMOSO;MG
MARECHAL THAUMATURGO;AC
NAQUE;MG
PORTO WALTER;AC
NATALÂNDIA;MG
RODRIGUES ALVES;AC
NINHEIRA;MG
SANTA ROSA DO PURUS;AC
NOVA BELÉM;MG
PEDRA BRANCA DO AMAPARI;AP
NOVA PORTEIRINHA;MG
SERRA DO NAVIO;AP
NOVO ORIENTE DE MINAS;MG
CUTIAS;AP
NOVORIZONTE;MG
ITAUBAL;AP
OLHOS-D'ÁGUA;MG
PORTO GRANDE;AP
ORATÓRIOS;MG
PRACUÚBA;AP
ORIZÂNIA;MG
ALTO PARAÍSO;RO
PADRE CARVALHO;MG
CACAULÂNDIA;RO
PAI PEDRO;MG
CAMPO NOVO DE RONDÔNIA;RO
PATIS;MG
CANDEIAS DO JAMARI;RO
PEDRA BONITA;MG
ITAPUÃ DO OESTE;RO
PERIQUITO;MG
MONTE NEGRO;RO
PIEDADE DE CARATINGA;MG
RIO CRESPO;RO
PINGO D'AGUA;MG
NOVO HORIZONTE DO OESTE;RO
PINTÓPOLIS;MG
CASTANHEIRAS;RO
PONTO CHIQUE;MG
GOVERNADOR JORGE TEIXEIRA;RO
PONTO DOS VOLANTES;MG
MINISTRO ANDREAZZA;RO
REDUTO;MG
MIRANTE DA SERRA;RO
ROSÁRIO DA LIMEIRA;MG
SERINGUEIRAS;RO
SANTA BÁRBARA DO MONTE VERDE;MG
AFONSO CUNHA;MA
SANTA CRUZ DE MINAS;MG
ALCÂNTARA;MA
SANTA CRUZ DE SALINAS;MG
ALDEIAS ALTAS;MA
SANTA HELENA DE MINAS;MG
ALTAMIRA DO MARANHÃO;MA
SANTO ANTÔNIO DO RETIRO;MG
ALTO PARNAÍBA;MA
SÃO DOMINGOS DAS DORES;MG
AMARANTE DO MARANHÃO;MA
SÃO FÉLIX DE MINAS;MG
ANAJATUBA;MA
SÃO GERALDO DO BAIXIO;MG
ANAPURUS;MA
SÃO JOÃO DA LAGOA;MG
ARAIOSES;MA
SÃO JOÃO DAS MISSÕES;MG
ARARI;MA
SÃO JOÃO DO PACUÍ;MG
AXIXÁ;MA
SÃO JOAQUIM DE BICAS;MG
BACABAL;MA
SÃO JOSÉ DA BARRA;MG
BACURI;MA
SÃO SEBASTIÃO DA VARGEM ALEGRE;MG
BALSAS;MA
SÃO SEBASTIÃO DO ANTA;MG
BARÃO DE GRAJAÚ;MA
SARZEDO;MG
BARRA DO CORDA;MA
SETUBINHA;MG
BARREIRINHAS;MA
SEM-PEIXE;MG
BENEDITO LEITE;MA
SERRANÓPOLIS DE MINAS;MG
BEQUIMÃO;MA
TAPARUBA;MG
BREJO;MA
TOCOS DO MOJI;MG
BURITI;MA
UNIÃO DE MINAS;MG
BURITI BRAVO;MA
URUANA DE MINAS;MG
CAJAPIÓ;MA
VARGEM ALEGRE;MG
CAJARI;MA
VARGEM GRANDE DO RIO PARDO;MG
CÂNDIDO MENDES;MA
VARJÃO DE MINAS;MG
CANTANHEDE;MA
VERDELÂNDIA;MG
CAROLINA;MA
VEREDINHA;MG
CARUTAPERA;MA
VERMELHO NOVO;MG
CAXIAS;MA
BREJETUBA;ES
CEDRAL;MA
MARATAÍZES;ES
CHAPADINHA;MA
PONTO BELO;ES
CODÓ;MA
SÃO ROQUE DO CANAÃ;ES
COELHO NETO;MA
SOORETAMA;ES
COLINAS;MA
VILA VALÉRIO;ES
COROATÁ;MA
Armação dos Búzios;RJ
CURURUPU;MA
CARAPEBUS;RJ
DOM PEDRO;MA
IGUABA GRANDE;RJ
DUQUE BACELAR;MA
MACUCO;RJ
ESPERANTINÓPOLIS;MA
PINHEIRAL;RJ
FORTALEZA DOS NOGUEIRAS;MA
PORTO REAL;RJ
FORTUNA;MA
SÃO FRANCISCO DE ITABAPOANA;RJ
GODOFREDO VIANA;MA
SÃO JOSÉ DE UBÁ;RJ
GONÇALVES DIAS;MA
SEROPÉDICA;RJ
GOVERNADOR ARCHER;MA
TANGUÁ;RJ
GOVERNADOR EUGÊNIO BARROS;MA
ARCO-ÍRIS;SP
GRAÇA ARANHA;MA
BREJO ALEGRE;SP
GRAJAÚ;MA
CANAS;SP
GUIMARÃES;MA
FERNÃO;SP
HUMBERTO DE CAMPOS;MA
GAVIÃO PEIXOTO;SP
ICATU;MA
IPIGUÁ;SP
IGARAPÉ GRANDE;MA
JUMIRIM;SP
IMPERATRIZ;MA
NANTES;SP
SÃO LUÍS GONZAGA DO MARANHÃO;MA
NOVA CASTILHO;SP
ITAPECURU MIRIM;MA
OUROESTE;SP
JOÃO LISBOA;MA
PAULISTÂNIA;SP
JOSELÂNDIA;MA
PRACINHA;SP
LAGO DA PEDRA;MA
PRATÂNIA;SP
LAGO DO JUNCO;MA
QUADRA;SP
LAGO VERDE;MA
RIBEIRÃO DOS ÍNDIOS;SP
LIMA CAMPOS;MA
SANTA CRUZ DA ESPERANÇA;SP
LORETO;MA
SANTA SALETE;SP
LUÍS DOMINGUES;MA
TAQUARAL;SP
MAGALHÃES DE ALMEIDA;MA
TRABIJU;SP
MATA ROMA;MA
VITÓRIA BRASIL;SP
MATINHA;MA
ARAPUÃ;PR
MATÕES;MA
ARIRANHA DO IVAÍ;PR
MIRADOR;MA
Bela Vista da Caroba;PR
MIRINZAL;MA
BOA VENTURA DE SÃO ROQUE;PR
MONÇÃO;MA
BOM JESUS DO SUL;PR
MONTES ALTOS;MA
CAMPINA DO SIMÃO;PR
MORROS;MA
CAMPO MAGRO;PR
NINA RODRIGUES;MA
CARAMBEÍ;PR
NOVA IORQUE;MA
CORONEL DOMINGOS SOARES;PR
OLHO D'ÁGUA DAS CUNHÃS;MA
CRUZMALTINA;PR
PAÇO DO LUMIAR;MA
ESPERANÇA NOVA;PR
PALMEIRÂNDIA;MA
ESPIGÃO ALTO DO IGUAÇU;PR
PARAIBANO;MA
FERNANDES PINHEIRO;PR
PARNARAMA;MA
FOZ DO JORDÃO;PR
PASSAGEM FRANCA;MA
GOIOXIM;PR
PASTOS BONS;MA
GUAMIRANGA;PR
PEDREIRAS;MA
IMBAÚ;PR
PENALVA;MA
MANFRINÓPOLIS;PR
PERI MIRIM;MA
MARQUINHO;PR
PINDARE MIRIM;MA
PEROBAL;PR
PINHEIRO;MA
PONTAL DO PARANÁ;PR
PIO XII;MA
PORTO BARREIRO;PR
PIRAPEMAS;MA
PRADO FERREIRA;PR
POÇÃO DE PEDRAS;MA
QUARTO CENTENÁRIO;PR
PORTO FRANCO;MA
RESERVA DO IGUAÇU;PR
PRESIDENTE DUTRA;MA
RIO BRANCO DO IVAÍ;PR
PRESIDENTE JUSCELINO;MA
SERRANÓPOLIS DO IGUAÇU;PR
PRESIDENTE VARGAS;MA
TAMARANA;PR
PRIMEIRA CRUZ;MA
ALTO BELA VISTA;SC
RIACHÃO;MA
BALNEÁRIO ARROIO DO SILVA;SC
SÃO JOSÉ DE RIBAMAR;MA
BALNEÁRIO GAIVOTA;SC
ROSÁRIO;MA
BANDEIRANTE;SC
SAMBAÍBA;MA
BARRA BONITA;SC
SANTA HELENA;MA
BELA VISTA DO TOLDO;SC
SANTA LUZIA;MA
BOCAINA DO SUL;SC
SANTA QUITÉRIA DO MARANHÃO;MA
BOM JESUS;SC
SANTA RITA;MA
BOM JESUS DO OESTE;SC
SANTO ANTÔNIO DOS LOPES;MA
BRUNÓPOLIS;SC
SÃO BENEDITO DO RIO PRETO;MA
CAPÃO ALTO;SC
SÃO BENTO;MA
CHAPADÃO DO LAGEADO;SC
SÃO BERNARDO;MA
CUNHATAÍ;SC
SÃO DOMINGOS DO MARANHÃO;MA
ENTRE RIOS;SC
SÃO FÉLIX DE BALSAS;MA
ERMO;SC
SÃO FRANCISCO DO MARANHÃO;MA
FLOR DO SERTÃO;SC
SÃO JOÃO BATISTA;MA
FREI ROGÉRIO;SC
SÃO JOÃO DOS PATOS;MA
IBIAM;SC
SÃO LUÍS;MA
IOMERÊ;SC
SÃO MATEUS DO MARANHÃO;MA
JUPIÁ;SC
SÃO RAIMUNDO DAS MANGABEIRAS;MA
LUZERNA;SC
SÃO VICENTE FERRER;MA
PAIAL;SC
SÍTIO NOVO;MA
PAINEL;SC
SUCUPIRA DO NORTE;MA
PALMEIRA;SC
TASSO FRAGOSO;MA
PRINCESA;SC
TIMBIRAS;MA
SALTINHO;SC
TIMON;MA
SANTA TEREZINHA DO PROGRESSO;SC
TUNTUM;MA
SANTIAGO DO SUL;SC
TURIAÇU;MA
SÃO BERNARDINO;SC
TUTÓIA;MA
SÃO PEDRO DE ALCÂNTARA;SC
URBANO SANTOS;MA
TIGRINHOS;SC
VARGEM GRANDE;MA
TREVISO;SC
VIANA;MA
ZORTÉA;SC
VITÓRIA DO MEARIM;MA
ARARICÁ;RS
VITORINO FREIRE;MA
BALNEÁRIO PINHAL;RS
BOM JARDIM;MA
BARRA DO QUARAÍ;RS
SANTA INÊS;MA
BENJAMIN CONSTANT DO SUL;RS
PAULO RAMOS;MA
BOA VISTA DO SUL;RS
AÇAILÂNDIA;MA
CAPIVARI DO SUL;RS
ESTREITO;MA
CARAÁ;RS
CAREIRO DA VÁRZEA;AM
CERRITO;RS
GUAJARÁ;AM
CHUÍ;RS
APUÍ;AM
CHUVISCA;RS
TEOTÔNIO VILELA;AL
CRISTAL DO SUL;RS
FORQUILHINHA;SC
DILERMANDO DE AGUIAR;RS
THEOBROMA;RO
DOM PEDRO DE ALCÂNTARA;RS
URUPÁ;RO
DOUTOR RICARDO;RS
VALE DO PARAÍSO;RO
ESPERANÇA DO SUL;RS
CORUMBIARA;RO
ESTRELA VELHA;RS
CATUNDA;CE
FAZENDA VILANOVA;RS
JIJOCA DE JERICOACOARA;CE
FLORIANO PEIXOTO;RS
FORTIM;CE
HERVEIRAS;RS
ARARENDÁ;CE
ITAARA;RS
ITAITINGA;CE
JARI;RS
CHORÓ;CE
MAÇAMBARA;RS
COIVARAS;PI
MAMPITUBA;RS
JARDIM DO MULATO;PI
MARQUES DE SOUZA;RS
LAGOA ALEGRE;PI
MONTE ALEGRE DOS CAMPOS;RS
AGRICOLÂNDIA;PI
MUITOS CAPÕES;RS
ÁGUA BRANCA;PI
NOVA CANDELÁRIA;RS
ALTO LONGÁ;PI
NOVA RAMADA;RS
ALTOS;PI
NOVO CABRAIS;RS
AMARANTE;PI
PASSA SETE;RS
ANGICAL DO PIAUÍ;PI
SENADOR SALGADO FILHO;RS
ANÍSIO DE ABREU;PI
SETE DE SETEMBRO;RS
ANTÔNIO ALMEIDA;PI
TABAÍ;RS
AROAZES;PI
TOROPI;RS
ARRAIAL;PI
TURUÇU;RS
AVELINO LOPES;PI
UBIRETAMA;RS
BARRAS;PI
UNISTALDA;RS
BARREIRAS DO PIAUÍ;PI
VALE VERDE;RS
BARRO DURO;PI
VESPASIANO CORREA;RS
BATALHA;PI
VILA LÂNGARO;RS
BENEDITINOS;PI
CAMPOS DE JÚLIO;MT
BERTOLÍNIA;PI
CARLINDA;MT
BOCAINA;PI
FELIZ NATAL;MT
BOM JESUS;PI
GAÚCHA DO NORTE;MT
BURITI DOS LOPES;PI
NOVA LACERDA;MT
CAMPINAS DO PIAUÍ;PI
NOVA UBIRATÃ;MT
CAMPO MAIOR;PI
NOVO MUNDO;MT
CANTO DO BURITI;PI
SAPEZAL;MT
CAPITÃO DE CAMPOS;PI
UNIÃO DO SUL;MT
CARACOL;PI
ABADIA DE GOIÁS;GO
CASTELO DO PIAUÍ;PI
ÁGUAS LINDAS DE GOIÁS;GO
COCAL;PI
AMARALINA;GO
CONCEIÇÃO DO CANINDÉ;PI
BONÓPOLIS;GO
CORRENTE;PI
NOVO GAMA;GO
CRISTALÂNDIA DO PIAUÍ;PI
PORTEIRÃO;GO
CRISTINO CASTRO;PI
SANTA RITA DO NOVO DESTINO;GO
CURIMATÁ;PI
SÃO PATRÍCIO;GO
DEMERVAL LOBÃO;PI
VALPARAÍSO DE GOIÁS;GO
DOM EXPEDITO LOPES;PI
VILA PROPÍCIO;GO
ELESBÃO VELOSO;PI
ELISEU MARTINS;PI
ESPERANTINA;PI
FLORES DO PIAUÍ;PI
FLORIANO;PI
FRANCINÓPOLIS;PI
FRANCISCO AYRES;PI
FRANCISCO SANTOS;PI
FRONTEIRAS;PI
GILBUÉS;PI
GUADALUPE;PI
HUGO NAPOLEÃO;PI
INHUMA;PI
SANTA CRUZ DO XINGU;MT
IPIRANGA DO PIAUÍ;PI
SANTA RITA DO TRIVELATO;MT
ISAÍAS COELHO;PI
SANTO ANTÔNIO DO LESTE;MT
ITAINÓPOLIS;PI
SERRA NOVA DOURADA;MT
ITAUEIRA;PI
VALE DE SÃO DOMINGOS;MT
JAICÓS;PI
PAU D'ARCO DO PIAUÍ;PI
JERUMENHA;PI
JOAQUIM PIRES;PI
JUNDIÁ;RN
JOSÉ DE FREITAS;PI
LANDRI SALES;PI
LUÍS CORREIA;PI
LUZILÂNDIA;PI
MESQUITA;RJ
MANOEL EMÍDIO;PI
ACEGUÁ;RS
MARCOS PARENTE;PI
ALMIRANTE TAMANDARÉ DO SUL;RS
MATIAS OLÍMPIO;PI
ARROIO DO PADRE;RS
MIGUEL ALVES;PI
BOA VISTA DO CADEADO;RS
MIGUEL LEÃO;PI
BOA VISTA DO INCRA;RS
MONSENHOR GIL;PI
BOZANO;RS
MONSENHOR HIPÓLITO;PI
CANUDOS DO VALE;RS
MONTE ALEGRE DO PIAUÍ;PI
CAPÃO BONITO DO SUL;RS
NAZARÉ DO PIAUÍ;PI
CAPÃO DO CIPÓ;RS
NOSSA SENHORA DOS REMÉDIOS;PI
COQUEIRO BAIXO;RS
NOVO ORIENTE DO PIAUÍ;PI
CORONEL PILAR;RS
OEIRAS;PI
CRUZALTENSE;RS
DOMINGOS MOURÃO;PI
FORQUETINHA;RS
PADRE MARCOS;PI
ITATI;RS
PAES LANDIM;PI
JACUIZINHO;RS
PALMEIRA DO PIAUÍ;PI
LAGOA BONITA DO SUL;RS
PALMEIRAIS;PI
MATO QUEIMADO;RS
PARNAGUÁ;PI
NOVO XINGU;RS
PARNAÍBA;PI
PAULO BENTO;RS
PAULISTANA;PI
PEDRAS ALTAS;RS
PEDRO II;PI
PINHAL DA SERRA;RS
PICOS;PI
PINTO BANDEIRA;RS
PIMENTEIRAS;PI
QUATRO IRMÃOS;RS
PIO IX;PI
ROLADOR;RS
PIRACURUCA;PI
SANTA CECÍLIA DO SUL;RS
PIRIPIRI;PI
SANTA MARGARIDA DO SUL;RS
PORTO;PI
SÃO JOSÉ DO SUL;RS
PRATA DO PIAUÍ;PI
SÃO PEDRO DAS MISSÕES;RS
REDENÇÃO DO GURGUÉIA;PI
TIO HUGO;RS
REGENERAÇÃO;PI
WESTFALIA;RS
RIBEIRO GONÇALVES;PI
FIGUEIRÃO;MS
RIO GRANDE DO PIAUÍ;PI
SANTA CRUZ DO PIAUÍ;PI
SANTA FILOMENA;PI
IPIRANGA DO NORTE;MT
SANTA LUZ;PI
ITANHANGÁ;MT
SANTO ANTÔNIO DE LISBOA;PI
AROEIRAS DO ITAIM;PI
SANTO INÁCIO DO PIAUÍ;PI
SÃO FÉLIX DO PIAUÍ;PI
SÃO FRANCISCO DO PIAUÍ;PI
SÃO GONÇALO DO PIAUÍ;PI
SÃO JOÃO DA SERRA;PI
SÃO JOÃO DO PIAUÍ;PI
SÃO JOSÉ DO PEIXE;PI
SÃO JOSÉ DO PIAUÍ;PI
SÃO JULIÃO;PI
SÃO MIGUEL DO TAPUIO;PI
SÃO PEDRO DO PIAUÍ;PI
SÃO RAIMUNDO NONATO;PI
SIMÕES;PI
SIMPLÍCIO MENDES;PI
SOCORRO DO PIAUÍ;PI
TERESINA;PI
UNIÃO;PI
URUÇUÍ;PI
VALENÇA DO PIAUÍ;PI
VÁRZEA GRANDE;PI
DIRCEU ARCOVERDE;PI
ACARAPE;CE
BANABUIÚ;CE
BARREIRA;CE
BARROQUINHA;CE
CHOROZINHO;CE
CROATÁ;CE
DEPUTADO IRAPUAN PINHEIRO;CE
ERERÊ;CE
EUSÉBIO;CE
GRAÇA;CE
GUAIÚBA;CE
HORIZONTE;CE
IBARETAMA;CE
IBICUITINGA;CE
IPAPORANGA;CE
MADALENA;CE
MIRAÍMA;CE
OCARA;CE
PINDORETAMA;CE
PIRES FERREIRA;CE
POTIRETAMA;CE
SALITRE;CE
TARRAFAS;CE
TEJUÇUOCA;CE
TURURU;CE
ARAME;MA
MIRANDA DO NORTE;MA
SANTA LUZIA DO PARUÁ;MA
ZÉ DOCA;MA
DOM INOCÊNCIO;PI
SÃO JOÃO DA CANABRAVA;PI
PASSAGEM FRANCA DO PIAUÍ;PI
SANTA CRUZ DOS MILAGRES;PI
BURITI DOS MONTES;PI
CABECEIRAS DO PIAUÍ;PI
ABAIARA;CE
ACARAÚ;CE
ACOPIARA;CE
AIUABA;CE
ALCÂNTARAS;CE
ALTANEIRA;CE
ALTO SANTO;CE
ANTONINA DO NORTE;CE
APUIARÉS;CE
AQUIRAZ;CE
ARACATI;CE
ARACOIABA;CE
ARARIPE;CE
ARATUBA;CE
ARNEIROZ;CE
ASSARÉ;CE
AURORA;CE
BAIXIO;CE
BARBALHA;CE
BARRO;CE
BATURITÉ;CE
BEBERIBE;CE
BELA CRUZ;CE
BOA VIAGEM;CE
BREJO SANTO;CE
CAMOCIM;CE
CAMPOS SALES;CE
CANINDÉ;CE
CAPISTRANO;CE
CARIDADE;CE
CARIRÉ;CE
CARIRIAÇU;CE
CARIÚS;CE
CARNAUBAL;CE
CASCAVEL;CE
CATARINA;CE
CAUCAIA;CE
CEDRO;CE
CHAVAL;CE
SIGEFREDO PACHECO;PI
COREAÚ;CE
CRATEÚS;CE
CRATO;CE
FARIAS BRITO;CE
FORTALEZA;CE
FRECHEIRINHA;CE
GENERAL SAMPAIO;CE
GRANJA;CE
GRANJEIRO;CE
GROAÍRAS;CE
GUARACIABA DO NORTE;CE
GUARAMIRANGA;CE
HIDROLÂNDIA;CE
IBIAPINA;CE
ICÓ;CE
IGUATU;CE
INDEPENDÊNCIA;CE
IPAUMIRIM;CE
IPU;CE
IPUEIRAS;CE
IRACEMA;CE
IRAUÇUBA;CE
ITAIÇABA;CE
ITAPAJÉ;CE
ITAPIPOCA;CE
ITAPIÚNA;CE
ITATIRA;CE
JAGUARETAMA;CE
JAGUARIBARA;CE
JAGUARIBE;CE
JAGUARUANA;CE
JARDIM;CE
JATI;CE
JUAZEIRO DO NORTE;CE
JUCÁS;CE
LAVRAS DA MANGABEIRA;CE
LIMOEIRO DO NORTE;CE
MARANGUAPE;CE
MARCO;CE
MARTINÓPOLE;CE
MASSAPÊ;CE
MAURITI;CE
MERUOCA;CE
MILAGRES;CE
MISSÃO VELHA;CE
MOMBAÇA;CE
MONSENHOR TABOSA;CE
MORADA NOVA;CE
MORAÚJO;CE
MORRINHOS;CE
MUCAMBO;CE
MULUNGU;CE
NOVA OLINDA;CE
NOVA RUSSAS;CE
NOVO ORIENTE;CE
ORÓS;CE
PACAJUS;CE
PACATUBA;CE
PACOTI;CE
PACUJÁ;CE
PALHANO;CE
PALMÁCIA;CE
PARACURU;CE
PARAMBU;CE
PARAMOTI;CE
PEDRA BRANCA;CE
PENAFORTE;CE
PENTECOSTE;CE
PEREIRO;CE
PIQUET CARNEIRO;CE
PORANGA;CE
PORTEIRAS;CE
POTENGI;CE
QUIXADÁ;CE
QUIXERAMOBIM;CE
QUIXERÉ;CE
REDENÇÃO;CE
RERIUTABA;CE
RUSSAS;CE
SABOEIRO;CE
SANTANA DO ACARAÚ;CE
SANTANA DO CARIRI;CE
SANTA QUITÉRIA;CE
SÃO BENEDITO;CE
SÃO GONÇALO DO AMARANTE;CE
SÃO JOÃO DO JAGUARIBE;CE
SÃO LUÍS DO CURU;CE
SENADOR POMPEU;CE
SENADOR SÁ;CE
SOBRAL;CE
SOLONÓPOLE;CE
TABULEIRO DO NORTE;CE
TAMBORIL;CE
TAUÁ;CE
TIANGUÁ;CE
TRAIRI;CE
UBAJARA;CE
UMARI;CE
URUBURETAMA;CE
URUOCA;CE
VÁRZEA ALEGRE;CE
VIÇOSA DO CEARÁ;CE
MARACANAÚ;CE
AMONTADA;CE
CRUZ;CE
FORQUILHA;CE
ICAPUÍ;CE
ITAREMA;CE
MILHÃ;CE
PARAIPABA;CE
ACARI;RN
ASSU;RN
AFONSO BEZERRA;RN
ÁGUA NOVA;RN
ALEXANDRIA;RN
ALMINO AFONSO;RN
ALTO DO RODRIGUES;RN
ANGICOS;RN
ANTÔNIO MARTINS;RN
APODI;RN
AREIA BRANCA;RN
ARÊS;RN
CAMPO GRANDE;RN
BAÍA FORMOSA;RN
BARCELONA;RN
BENTO FERNANDES;RN
BOM JESUS;RN
BREJINHO;RN
CAIÇARA DO RIO DO VENTO;RN
CAICÓ;RN
CAMPO REDONDO;RN
CANGUARETAMA;RN
CARAÚBAS;RN
CARNAÚBA DOS DANTAS;RN
CARNAUBAIS;RN
CEARÁ-MIRIM;RN
CERRO CORÁ;RN
CORONEL EZEQUIEL;RN
CORONEL JOÃO PESSOA;RN
CRUZETA;RN
CURRAIS NOVOS;RN
DOUTOR SEVERIANO;RN
ENCANTO;RN
EQUADOR;RN
ESPÍRITO SANTO;RN
EXTREMOZ;RN
FELIPE GUERRA;RN
FLORÂNIA;RN
FRANCISCO DANTAS;RN
GALINHOS;RN
GOIANINHA;RN
GOVERNADOR DIX-SEPT ROSADO;RN
GROSSOS;RN
GUAMARÉ;RN
IELMO MARINHO;RN
IPANGUAÇU;RN
IPUEIRA;RN
ITAÚ;RN
JAÇANÃ;RN
JANDAÍRA;RN
JANDUÍS;RN
BOA SAÚDE;RN
JAPI;RN
JARDIM DE ANGICOS;RN
JARDIM DE PIRANHAS;RN
JARDIM DO SERIDÓ;RN
JOÃO CÂMARA;RN
JOÃO DIAS;RN
JOSÉ DA PENHA;RN
JUCURUTU;RN
MESSIAS TARGINO;RN
Lagoa d'Anta;RN
LAGOA DE PEDRAS;RN
LAGOA DE VELHOS;RN
LAGOA NOVA;RN
LAGOA SALGADA;RN
LAJES;RN
LAJES PINTADAS;RN
LUCRÉCIA;RN
LUÍS GOMES;RN
MACAÍBA;RN
MACAU;RN
MARCELINO VIEIRA;RN
MARTINS;RN
MAXARANGUAPE;RN
FRUTUOSO GOMES;RN
MONTANHAS;RN
MONTE ALEGRE;RN
MONTE DAS GAMELEIRAS;RN
MOSSORÓ;RN
NATAL;RN
NÍSIA FLORESTA;RN
NOVA CRUZ;RN
OLHO D'AGUA DO BORGES;RN
OURO BRANCO;RN
PARANÁ;RN
PARAÚ;RN
PARAZINHO;RN
PARELHAS;RN
PARNAMIRIM;RN
PASSA E FICA;RN
PASSAGEM;RN
PATU;RN
PAU DOS FERROS;RN
PEDRA GRANDE;RN
PEDRA PRETA;RN
PEDRO AVELINO;RN
PEDRO VELHO;RN
PENDÊNCIAS;RN
PILÕES;RN
POÇO BRANCO;RN
PORTALEGRE;RN
SERRA CAIADA;RN
PUREZA;RN
RAFAEL FERNANDES;RN
RIACHO DA CRUZ;RN
RIACHO DE SANTANA;RN
RIACHUELO;RN
RODOLFO FERNANDES;RN
RUY BARBOSA;RN
SÃO FRANCISCO DO OESTE;RN
SANTA CRUZ;RN
SANTANA DO SERIDÓ;RN
SANTANA DO MATOS;RN
SANTO ANTÔNIO;RN
SÃO BENTO DO NORTE;RN
SÃO BENTO DO TRAIRÍ;RN
SÃO FERNANDO;RN
SÃO GONÇALO DO AMARANTE;RN
SÃO JOÃO DO SABUGI;RN
SÃO JOSÉ DE MIPIBU;RN
SÃO JOSÉ DO CAMPESTRE;RN
SÃO JOSÉ DO SERIDÓ;RN
SÃO MIGUEL;RN
SÃO PAULO DO POTENGI;RN
SÃO PEDRO;RN
SÃO RAFAEL;RN
SÃO TOMÉ;RN
SÃO VICENTE;RN
SENADOR ELÓI DE SOUZA;RN
SENADOR GEORGINO AVELINO;RN
SERRA DE SÃO BENTO;RN
SERRA NEGRA DO NORTE;RN
SERRINHA;RN
SEVERIANO MELO;RN
SÍTIO NOVO;RN
TABOLEIRO GRANDE;RN
TAIPU;RN
TANGARÁ;RN
TENENTE ANANIAS;RN
TIBAU DO SUL;RN
TIMBAÚBA DOS BATISTAS;RN
TOUROS;RN
UMARIZAL;RN
UPANEMA;RN
VÁRZEA;RN
RAFAEL GODEIRO;RN
VERA CRUZ;RN
VIÇOSA;RN
VILA FLOR;RN
ÁGUA BRANCA;PB
AGUIAR;PB
ALAGOA GRANDE;PB
ALAGOA NOVA;PB
ALAGOINHA;PB
ALHANDRA;PB
SÃO JOÃO DO RIO DO PEIXE;PB
ARAÇAGI;PB
ARARA;PB
ARARUNA;PB
AREIA;PB
AREIAL;PB
AROEIRAS;PB
SERRA DO MEL;RN
BAÍA DA TRAIÇÃO;PB
BANANEIRAS;PB
BARRA DE SANTA ROSA;PB
BARRA DE SÃO MIGUEL;PB
BAYEUX;PB
BELÉM;PB
BELÉM DO BREJO DO CRUZ;PB
BOA VENTURA;PB
BOM JESUS;PB
BOM SUCESSO;PB
BONITO DE SANTA FÉ;PB
BOQUEIRÃO;PB
IGARACY;PB
BORBOREMA;PB
BREJO DO CRUZ;PB
BREJO DOS SANTOS;PB
CAAPORÃ;PB
CABACEIRAS;PB
CABEDELO;PB
CACHOEIRA DOS ÍNDIOS;PB
CACIMBA DE AREIA;PB
CACIMBA DE DENTRO;PB
CAIÇARA;PB
CAJAZEIRAS;PB
CALDAS BRANDÃO;PB
CAMALAÚ;PB
CAMPINA GRANDE;PB
CARRAPATEIRA;PB
CATINGUEIRA;PB
CATOLÉ DO ROCHA;PB
CONCEIÇÃO;PB
CONDADO;PB
CONDE;PB
CONGO;PB
COREMAS;PB
CRUZ DO ESPÍRITO SANTO;PB
CUBATI;PB
CUITÉ;PB
CUITEGI;PB
CURRAL VELHO;PB
DESTERRO;PB
VISTA SERRANA;PB
DIAMANTE;PB
DONA INÊS;PB
DUAS ESTRADAS;PB
EMAS;PB
ESPERANÇA;PB
FAGUNDES;PB
FREI MARTINHO;PB
GUARABIRA;PB
GURINHÉM;PB
GURJÃO;PB
IBIARA;PB
IMACULADA;PB
INGÁ;PB
ITABAIANA;PB
ITAPORANGA;PB
ITAPOROROCA;PB
ITATUBA;PB
JACARAÚ;PB
JERICÓ;PB
JOÃO PESSOA;PB
JUAREZ TÁVORA;PB
JUAZEIRINHO;PB
JUNCO DO SERIDÓ;PB
JURIPIRANGA;PB
JURU;PB
LAGOA;PB
LAGOA DE DENTRO;PB
LAGOA SECA;PB
LASTRO;PB
LIVRAMENTO;PB
LUCENA;PB
MÃE D'ÁGUA;PB
MALTA;PB
MAMANGUAPE;PB
MANAÍRA;PB
MARI;PB
MASSARANDUBA;PB
MATARACA;PB
MOGEIRO;PB
MONTADAS;PB
MONTE HOREBE;PB
MONTEIRO;PB
MULUNGU;PB
NATUBA;PB
NAZAREZINHO;PB
NOVA FLORESTA;PB
NOVA OLINDA;PB
NOVA PALMEIRA;PB
OLHO D'ÁGUA;PB
OLIVEDOS;PB
OURO VELHO;PB
PASSAGEM;PB
PATOS;PB
PAULISTA;PB
PEDRA BRANCA;PB
PEDRA LAVRADA;PB
PEDRAS DE FOGO;PB
PIANCÓ;PB
PICUÍ;PB
PILAR;PB
PILÕES;PB
PILÕEZINHOS;PB
PIRPIRITUBA;PB
PITIMBU;PB
POCINHOS;PB
POMBAL;PB
PRATA;PB
PRINCESA ISABEL;PB
PUXINANÃ;PB
QUEIMADAS;PB
QUIXABÁ;PB
REMÍGIO;PB
RIACHO DOS CAVALOS;PB
RIO TINTO;PB
SALGADINHO;PB
SALGADO DE SÃO FÉLIX;PB
SANTA CRUZ;PB
SANTA HELENA;PB
SANTA LUZIA;PB
SANTANA DE MANGUEIRA;PB
SANTANA DOS GARROTES;PB
SANTA RITA;PB
SANTA TERESINHA;PB
SÃO BENTO;PB
SÃO JOÃO DO CARIRI;PB
SÃO JOÃO DO TIGRE;PB
SÃO JOSÉ DA LAGOA TAPADA;PB
SÃO JOSÉ DE CAIANA;PB
SÃO JOSÉ DE ESPINHARAS;PB
SÃO JOSÉ DE PIRANHAS;PB
SÃO JOSÉ DO BONFIM;PB
SÃO JOSÉ DO SABUGI;PB
SÃO JOSÉ DOS CORDEIROS;PB
SÃO MAMEDE;PB
SÃO MIGUEL DE TAIPU;PB
SÃO SEBASTIÃO DE LAGOA DE ROÇA;PB
SÃO SEBASTIÃO DO UMBUZEIRO;PB
SAPÉ;PB
SÃO VICENTE DO SERIDÓ;PB
SERRA BRANCA;PB
SERRA DA RAIZ;PB
SERRA GRANDE;PB
SERRA REDONDA;PB
SERRARIA;PB
SOLÂNEA;PB
SOLEDADE;PB
SOUSA;PB
SUMÉ;PB
TACIMA;PB
TAPEROÁ;PB
TAVARES;PB
TEIXEIRA;PB
TRIUNFO;PB
UIRAÚNA;PB
UMBUZEIRO;PB
VÁRZEA;PB
BAIXA GRANDE DO RIBEIRO;PI
CANAVIEIRA;PI
COLÔNIA DO GURGUÉIA;PI
BONFIM DO PIAUÍ;PI
COLÔNIA DO PIAUÍ;PI
CORONEL JOSÉ DIAS;PI
FARTURA DO PIAUÍ;PI
LAGOA DO BARRO DO PIAUÍ;PI
SANTA ROSA DO PIAUÍ;PI
SÃO BRAZ DO PIAUÍ;PI
SÃO LOURENÇO DO PIAUÍ;PI
VÁRZEA BRANCA;PI
ALEGRETE DO PIAUÍ;PI
CALDEIRÃO GRANDE DO PIAUÍ;PI
JACOBINA DO PIAUÍ;PI
MARCOLÂNDIA;PI
PATOS DO PIAUÍ;PI
QUEIMADA NOVA;PI
SANTANA DO PIAUÍ;PI
BRASILEIRA;PI
SÃO JOSÉ DO DIVINO;PI
BOM PRINCÍPIO DO PIAUÍ;PI
LAGOA DO CARRO;PE
VERTENTE DO LÉRIO;PE
XEXÉU;PE
JUCATI;PE
SANTA CRUZ;PE
DORMENTES;PE
AFOGADOS DA INGAZEIRA;PE
AFRÂNIO;PE
AGRESTINA;PE
ÁGUA PRETA;PE
ÁGUAS BELAS;PE
ALAGOINHA;PE
ALIANÇA;PE
ALTINHO;PE
AMARAJI;PE
ANGELIM;PE
ARARIPINA;PE
ARCOVERDE;PE
BARRA DE GUABIRABA;PE
BARREIROS;PE
BELÉM DE MARIA;PE
BELÉM DE SÃO FRANCISCO;PE
BELO JARDIM;PE
BETÂNIA;PE
BEZERROS;PE
BODOCÓ;PE
BOM CONSELHO;PE
BOM JARDIM;PE
BONITO;PE
BREJÃO;PE
BREJINHO;PE
BREJO DA MADRE DE DEUS;PE
BUENOS AIRES;PE
BUÍQUE;PE
CABO DE SANTO AGOSTINHO;PE
CABROBÓ;PE
CACHOEIRINHA;PE
CAETÉS;PE
CALÇADO;PE
CALUMBI;PE
CAMOCIM DE SÃO FÉLIX;PE
CAMUTANGA;PE
CANHOTINHO;PE
CAPOEIRAS;PE
CARNAÍBA;PE
CARPINA;PE
CARUARU;PE
CATENDE;PE
CEDRO;PE
CHÃ DE ALEGRIA;PE
CHÃ GRANDE;PE
CONDADO;PE
CORRENTES;PE
CORTÊS;PE
CUMARU;PE
CUPIRA;PE
CUSTÓDIA;PE
ESCADA;PE
EXU;PE
FEIRA NOVA;PE
FERREIROS;PE
FLORES;PE
FLORESTA;PE
FREI MIGUELINHO;PE
GAMELEIRA;PE
GARANHUNS;PE
GLÓRIA DO GOITÁ;PE
GOIANA;PE
GRANITO;PE
GRAVATÁ;PE
IATI;PE
IBIMIRIM;PE
IBIRAJUBA;PE
IGARASSU;PE
IGUARACI;PE
INAJÁ;PE
INGAZEIRA;PE
IPOJUCA;PE
IPUBI;PE
ITACURUBA;PE
ITAÍBA;PE
ILHA DE ITAMARACÁ;PE
ITAPETIM;PE
ITAQUITINGA;PE
JABOATÃO DOS GUARARAPES;PE
JATAÚBA;PE
JOÃO ALFREDO;PE
JOAQUIM NABUCO;PE
JUPI;PE
JUREMA;PE
LAGOA DO ITAENGA;PE
LAGOA DO OURO;PE
LAGOA DOS GATOS;PE
LAJEDO;PE
LIMOEIRO;PE
MACAPARANA;PE
MACHADOS;PE
MARAIAL;PE
MIRANDIBA;PE
MORENO;PE
NAZARÉ DA MATA;PE
OLINDA;PE
OROBÓ;PE
OROCÓ;PE
OURICURI;PE
PALMARES;PE
PALMEIRINA;PE
PANELAS;PE
PARANATAMA;PE
PARNAMIRIM;PE
PASSIRA;PE
PAUDALHO;PE
PAULISTA;PE
PEDRA;PE
PESQUEIRA;PE
PETROLÂNDIA;PE
PETROLINA;PE
POÇÃO;PE
POMBOS;PE
PRIMAVERA;PE
QUIPAPÁ;PE
RECIFE;PE
RIACHO DAS ALMAS;PE
RIBEIRÃO;PE
RIO FORMOSO;PE
SAIRÉ;PE
SALGADINHO;PE
SALGUEIRO;PE
SALOÁ;PE
SANHARÓ;PE
SANTA CRUZ DO CAPIBARIBE;PE
SANTA MARIA DA BOA VISTA;PE
SANTA MARIA DO CAMBUCÁ;PE
SANTA TEREZINHA;PE
SÃO BENEDITO DO SUL;PE
SÃO BENTO DO UNA;PE
SÃO CAITANO;PE
SÃO JOÃO;PE
SÃO JOAQUIM DO MONTE;PE
SÃO JOSÉ DA COROA GRANDE;PE
SÃO JOSÉ DO BELMONTE;PE
SÃO JOSÉ DO EGITO;PE
SÃO LOURENÇO DA MATA;PE
SÃO VICENTE FERRER;PE
SERRA TALHADA;PE
SERRITA;PE
SERTÂNIA;PE
SIRINHAÉM;PE
MOREILÂNDIA;PE
SOLIDÃO;PE
SURUBIM;PE
TABIRA;PE
TACAIMBÓ;PE
TACARATU;PE
ITAMBÉ;PE
TAQUARITINGA DO NORTE;PE
TEREZINHA;PE
TERRA NOVA;PE
TIMBAÚBA;PE
TORITAMA;PE
TRACUNHAÉM;PE
TRINDADE;PE
TRIUNFO;PE
TUPANATINGA;PE
TUPARETAMA;PE
VENTUROSA;PE
VERDEJANTE;PE
VERTENTES;PE
VICÊNCIA;PE
VITÓRIA DE SANTO ANTÃO;PE
CAMARAGIBE;PE
ABREU E LIMA;PE
ITAPISSUMA;PE
CARNAUBEIRA DA PENHA;PE
QUIXABA;PE
SANTA CRUZ DA BAIXA VERDE;PE
PARIPUEIRA;AL
ESTRELA DE ALAGOAS;AL
PARICONHA;AL
SANTANA DO SÃO FRANCISCO;SE
SÃO JOSÉ DA LAPA;MG
CAPITÃO ANDRADE;MG
CATUJI;MG
JAMPRUCA;MG
DIVISÓPOLIS;MG
MATA VERDE;MG
PALMÓPOLIS;MG
ENTRE FOLHAS;MG
IPABA;MG
SANTA BÁRBARA DO LESTE;MG
SANTA RITA DE MINAS;MG
UBAPORANGA;MG
SANTANA DO PARAÍSO;MG
DURANDÉ;MG
SÃO JOÃO DO MANHUAÇU;MG
SÃO JOÃO DO MANTENINHA;MG
ALFREDO VASCONCELOS;MG
FERVEDOURO;MG
CARNEIRINHO;MG
LIMEIRA DO OESTE;MG
SENADOR AMARAL;MG
JUATUBA;MG
ICARAÍ DE MINAS;MG
LONTRA;MG
MONTEZUMA;MG
URUCUIA;MG
ÁGUA BRANCA;AL
ANADIA;AL
ARAPIRACA;AL
ATALAIA;AL
BARRA DE SANTO ANTÔNIO;AL
BARRA DE SÃO MIGUEL;AL
BATALHA;AL
BELÉM;AL
BELO MONTE;AL
BOCA DA MATA;AL
BRANQUINHA;AL
CACIMBINHAS;AL
CAJUEIRO;AL
CAMPO ALEGRE;AL
CAMPO GRANDE;AL
CANAPI;AL
CAPELA;AL
CARNEIROS;AL
CHÃ PRETA;AL
COITÉ DO NÓIA;AL
COLÔNIA LEOPOLDINA;AL
COQUEIRO SECO;AL
CORURIPE;AL
DELMIRO GOUVEIA;AL
DOIS RIACHOS;AL
FEIRA GRANDE;AL
FELIZ DESERTO;AL
FLEXEIRAS;AL
GIRAU DO PONCIANO;AL
IBATEGUARA;AL
IGACI;AL
IGREJA NOVA;AL
INHAPI;AL
JACARÉ DOS HOMENS;AL
JACUÍPE;AL
JAPARATINGA;AL
JARAMATAIA;AL
JOAQUIM GOMES;AL
JUNDIÁ;AL
JUNQUEIRO;AL
LAGOA DA CANOA;AL
LIMOEIRO DE ANADIA;AL
MACEIÓ;AL
MAJOR ISIDORO;AL
MARAGOGI;AL
MARAVILHA;AL
MARECHAL DEODORO;AL
MARIBONDO;AL
MAR VERMELHO;AL
MATA GRANDE;AL
MATRIZ DE CAMARAGIBE;AL
MESSIAS;AL
MINADOR DO NEGRÃO;AL
MONTEIRÓPOLIS;AL
MURICI;AL
NOVO LINO;AL
OLHO D'ÁGUA DAS FLORES;AL
OLHO D'ÁGUA DO CASADO;AL
OLHO D'ÁGUA GRANDE;AL
OLIVENÇA;AL
OURO BRANCO;AL
PALESTINA;AL
PALMEIRA DOS ÍNDIOS;AL
PÃO DE AÇÚCAR;AL
PASSO DE CAMARAGIBE;AL
PAULO JACINTO;AL
PENEDO;AL
PIAÇABUÇU;AL
PILAR;AL
PINDOBA;AL
PIRANHAS;AL
POÇO DAS TRINCHEIRAS;AL
PORTO CALVO;AL
PORTO DE PEDRAS;AL
PORTO REAL DO COLÉGIO;AL
QUEBRANGULO;AL
RIO LARGO;AL
ROTEIRO;AL
SANTA LUZIA DO NORTE;AL
SANTANA DO IPANEMA;AL
SANTANA DO MUNDAÚ;AL
SÃO BRÁS;AL
SÃO JOSÉ DA LAJE;AL
SÃO JOSÉ DA TAPERA;AL
SÃO LUÍS DO QUITUNDE;AL
SÃO MIGUEL DOS CAMPOS;AL
SÃO MIGUEL DOS MILAGRES;AL
SÃO SEBASTIÃO;AL
SATUBA;AL
TANQUE D'ARCA;AL
TAQUARANA;AL
TRAIPU;AL
UNIÃO DOS PALMARES;AL
VIÇOSA;AL
CRAÍBAS;AL
SENADOR RUI PALMEIRA;AL
JAÍBA;MG
MAMONAS;MG
MATIAS CARDOSO;MG
PEDRAS DE MARIA DA CRUZ;MG
RIACHINHO;MG
ARAPORÃ;MG
LAGOA GRANDE;MG
GUAPIMIRIM;RJ
BELFORD ROXO;RJ
QUEIMADOS;RJ
JAPERI;RJ
CARDOSO MOREIRA;RJ
VARRE-SAI;RJ
APERIBÉ;RJ
RIO DAS OSTRAS;RJ
QUATIS;RJ
AREAL;RJ
COMENDADOR LEVY GASPARIAN;RJ
MARECHAL FLORIANO;ES
IRUPI;ES
SÃO DOMINGOS DO NORTE;ES
VILA PAVÃO;ES
LOURDES;SP
SANTO ANTÔNIO DO ARACANGUÁ;SP
SÃO JOÃO DE IRACEMA;SP
ILHA SOLTEIRA;SP
SUZANÁPOLIS;SP
CANITAR;SP
ENGENHEIRO COELHO;SP
HORTOLÂNDIA;SP
HOLAMBRA;SP
TUIUTI;SP
VARGEM;SP
ESTIVA GERBI;SP
EMILIANÓPOLIS;SP
PEDRINHAS PAULISTA;SP
BERTIOGA;SP
CAJATI;SP
ILHA COMPRIDA;SP
UBARANA;SP
ZACARIAS;SP
ELISIÁRIO;SP
MARAPOAMA;SP
NOVAIS;SP
ASPÁSIA;SP
MESÓPOLIS;SP
NOVA CANAÃ PAULISTA;SP
PONTALINDA;SP
PARISI;SP
ARAPEÍ;SP
POTIM;SP
ALAMBARI;SP
BARRA DO CHAPÉU;SP
CAMPINA DO MONTE ALEGRE;SP
FERNANDO DE NORONHA;PE
BARAÚNA;RN
Muquém de São Francisco;BA
NOVA FÁTIMA;BA
NOVA IBIÁ;BA
NOVA REDENÇÃO;BA
NOVO HORIZONTE;BA
NOVO TRIUNFO;BA
OUROLÂNDIA;BA
PIRAÍ DO NORTE;BA
PONTO NOVO;BA
PRESIDENTE TANCREDO NEVES;BA
QUIXABEIRA;BA
RIBEIRÃO DO LARGO;BA
SÃO DOMINGOS;BA
SÃO FÉLIX DO CORIBE;BA
SÃO JOSÉ DO JACUÍPE;BA
SÃO JOSÉ DA VITÓRIA;BA
SAUBARA;BA
SERRA DO RAMALHO;BA
SÍTIO DO MATO;BA
SÍTIO DO QUINTO;BA
SOBRADINHO;BA
UMBURANAS;BA
VARZEDO;BA
VEREDA;BA
ITAÓCA;SP
ITAPIRAPUÃ PAULISTA;SP
RIBEIRÃO GRANDE;SP
BOM SUCESSO DE ITARARÉ;SP
NOVA CAMPINA;SP
TAQUARIVAÍ;SP
ALUMÍNIO;SP
ARAÇARIGUAMA;SP
JUSSARI;BA
AMÉRICA DOURADA;BA
ARATACA;BA
BARRO ALTO;BA
BURITIRAMA;BA
CAPELA DO ALTO ALEGRE;BA
CAPIM GROSSO;BA
CANUDOS;BA
DIAS D'ÁVILA;BA
FÁTIMA;BA
FILADÉLFIA;BA
GAVIÃO;BA
GUAJERU;BA
HELIÓPOLIS;BA
JOÃO DOURADO;BA
AMPARO DE SÃO FRANCISCO;SE
AQUIDABÃ;SE
ARACAJU;SE
ARAUÁ;SE
AREIA BRANCA;SE
BARRA DOS COQUEIROS;SE
BREJO GRANDE;SE
BOQUIM;SE
EUNÁPOLIS;BA
CAMPO DO BRITO;SE
CANHOBA;SE
CANINDÉ DE SÃO FRANCISCO;SE
CAPELA;SE
CARIRA;SE
CARMÓPOLIS;SE
CEDRO DE SÃO JOÃO;SE
CRISTINÁPOLIS;SE
NOSSA SENHORA APARECIDA;SE
CUMBE;SE
DIVINA PASTORA;SE
ESTÂNCIA;SE
FEIRA NOVA;SE
FREI PAULO;SE
GENERAL MAYNARD;SE
GARARU;SE
GRACCHO CARDOSO;SE
ILHA DAS FLORES;SE
INDIAROBA;SE
ITABAIANA;SE
ITABAIANINHA;SE
ITABI;SE
ITAPORANGA D'AJUDA;SE
JAPARATUBA;SE
JAPOATÃ;SE
LAGARTO;SE
LARANJEIRAS;SE
MACAMBIRA;SE
MALHADA DOS BOIS;SE
MALHADOR;SE
MARUIM;SE
MOITA BONITA;SE
MONTE ALEGRE DE SERGIPE;SE
MURIBECA;SE
NEÓPOLIS;SE
NOSSA SENHORA DA GLÓRIA;SE
NOSSA SENHORA DAS DORES;SE
NOSSA SENHORA DE LOURDES;SE
NOSSA SENHORA DO SOCORRO;SE
PACATUBA;SE
PEDRA MOLE;SE
PEDRINHAS;SE
PINHÃO;SE
PIRAMBU;SE
POÇO REDONDO;SE
POÇO VERDE;SE
PORTO DA FOLHA;SE
PROPRIÁ;SE
RIACHÃO DO DANTAS;SE
RIACHUELO;SE
RIBEIRÓPOLIS;SE
ROSÁRIO DO CATETE;SE
SALGADO;SE
SANTA LUZIA DO ITANHY;SE
TORRE DE PEDRA;SP
SANTA ROSA DE LIMA;SE
SANTO AMARO DAS BROTAS;SE
SÃO CRISTÓVÃO;SE
SÃO DOMINGOS;SE
SÃO FRANCISCO;SE
SÃO MIGUEL DO ALEIXO;SE
SIMÃO DIAS;SE
SIRIRI;SE
TELHA;SE
TOBIAS BARRETO;SE
TOMAR DO GERU;SE
UMBAÚBA;SE
ADUSTINA;BA
ANDORINHA;BA
APUAREMA;BA
ARAÇAS;BA
BANZAÊ;BA
BOM JESUS DA SERRA;BA
BONITO;BA
CABACEIRAS DO PARAGUAÇU;BA
CAETANOS;BA
CARAÍBAS;BA
CATURAMA;BA
FEIRA DA MATA;BA
IGRAPIÚNA;BA
ITABELA;BA
ITAGUAÇU DA BAHIA;BA
ITATIM;BA
IUIÚ;BA
JUCURUÇU;BA
LAGOA REAL;BA
Lajedo do Tabocal;BA
MADRE DE DEUS;BA
MATINA;BA
MIRANTE;BA
MULUNGU DO MORRO;BA
ABAÍRA;BA
ABARÉ;BA
ACAJUTIBA;BA
ÁGUA FRIA;BA
ÉRICO CARDOSO;BA
AIQUARA;BA
ALAGOINHAS;BA
ALCOBAÇA;BA
ALMADINA;BA
AMARGOSA;BA
AMÉLIA RODRIGUES;BA
ANAGÉ;BA
ANDARAÍ;BA
ANGICAL;BA
ANGUERA;BA
ANTAS;BA
ANTÔNIO CARDOSO;BA
ANTÔNIO GONÇALVES;BA
APORÁ;BA
ARACATU;BA
ARACI;BA
ARAMARI;BA
ARATUÍPE;BA
AURELINO LEAL;BA
BAIANÓPOLIS;BA
BAIXA GRANDE;BA
BARRA;BA
BARRA DA ESTIVA;BA
BARRA DO CHOÇA;BA
BARRA DO MENDES;BA
BARRA DO ROCHA;BA
BARREIRAS;BA
BARRO PRETO;BA
BELMONTE;BA
BELO CAMPO;BA
BIRITINGA;BA
BOA NOVA;BA
BOA VISTA DO TUPIM;BA
BOM JESUS DA LAPA;BA
BONINAL;BA
BOQUIRA;BA
BOTUPORÃ;BA
BREJÕES;BA
BREJOLÂNDIA;BA
BROTAS DE MACAÚBAS;BA
BRUMADO;BA
BUERAREMA;BA
CAATIBA;BA
CACHOEIRA;BA
CACULÉ;BA
CAÉM;BA
CAETITÉ;BA
CAFARNAUM;BA
CAIRU;BA
CALDEIRÃO GRANDE;BA
CAMACAN;BA
CAMAÇARI;BA
CAMAMU;BA
CAMPO ALEGRE DE LOURDES;BA
CAMPO FORMOSO;BA
CANÁPOLIS;BA
CANARANA;BA
CANAVIEIRAS;BA
CANDEAL;BA
CANDEIAS;BA
CANDIBA;BA
CÂNDIDO SALES;BA
CANSANÇÃO;BA
CARAVELAS;BA
CARDEAL DA SILVA;BA
CARINHANHA;BA
CASA NOVA;BA
CASTRO ALVES;BA
CATOLÂNDIA;BA
CATU;BA
CENTRAL;BA
CHORROCHÓ;BA
CÍCERO DANTAS;BA
CIPÓ;BA
COARACI;BA
COCOS;BA
CONCEIÇÃO DA FEIRA;BA
CONCEIÇÃO DO ALMEIDA;BA
CONCEIÇÃO DO COITÉ;BA
CONCEIÇÃO DO JACUÍPE;BA
CONDE;BA
CONDEÚBA;BA
CONTENDAS DO SINCORÁ;BA
CORAÇÃO DE MARIA;BA
CORDEIROS;BA
CORIBE;BA
CORONEL JOÃO SÁ;BA
CORRENTINA;BA
COTEGIPE;BA
CRAVOLÂNDIA;BA
CRISÓPOLIS;BA
CRISTÓPOLIS;BA
CRUZ DAS ALMAS;BA
CURAÇÁ;BA
DÁRIO MEIRA;BA
DOM BASÍLIO;BA
DOM MACEDO COSTA;BA
ELÍSIO MEDRADO;BA
ENCRUZILHADA;BA
ENTRE RIOS;BA
ESPLANADA;BA
EUCLIDES DA CUNHA;BA
FEIRA DE SANTANA;BA
FIRMINO ALVES;BA
FLORESTA AZUL;BA
FORMOSA DO RIO PRETO;BA
GANDU;BA
GENTIO DO OURO;BA
GLÓRIA;BA
GONGOGI;BA
GOVERNADOR MANGABEIRA;BA
GUANAMBI;BA
GUARATINGA;BA
IAÇU;BA
IBIASSUCÊ;BA
IBICARAÍ;BA
IBICOARA;BA
IBICUÍ;BA
IBIPEBA;BA
SANTA RITA DE CÁSSIA;BA
IBIPITANGA;BA
IBIQUERA;BA
IBIRAPITANGA;BA
IBIRAPUÃ;BA
IBIRATAIA;BA
IBITIARA;BA
IBITITÁ;BA
IBOTIRAMA;BA
ICHU;BA
IGAPORÃ;BA
IGUAÍ;BA
ILHÉUS;BA
INHAMBUPE;BA
IPECAETÁ;BA
IPIAÚ;BA
IPIRÁ;BA
IPUPIARA;BA
IRAJUBA;BA
IRAMAIA;BA
IRAQUARA;BA
IRARÁ;BA
IRECÊ;BA
ITABERABA;BA
ITABUNA;BA
ITACARÉ;BA
ITAETÉ;BA
ITAGI;BA
ITAGIBÁ;BA
ITAGIMIRIM;BA
ITAJU DO COLÔNIA;BA
ITAJUÍPE;BA
ITAMARAJU;BA
ITAMARI;BA
ITAMBÉ;BA
ITANAGRA;BA
ITANHÉM;BA
ITAPARICA;BA
ITAPÉ;BA
ITAPEBI;BA
ITAPETINGA;BA
ITAPICURU;BA
ITAPITANGA;BA
ITAQUARA;BA
ITARANTIM;BA
ITIRUÇU;BA
ITIÚBA;BA
ITORORÓ;BA
ITUAÇU;BA
ITUBERÁ;BA
JACARACI;BA
JACOBINA;BA
JAGUAQUARA;BA
JAGUARARI;BA
JAGUARIPE;BA
JANDAÍRA;BA
JEQUIÉ;BA
JEREMOABO;BA
JIQUIRIÇÁ;BA
JITAÚNA;BA
JUAZEIRO;BA
JUSSARA;BA
JUSSIAPE;BA
LAFAIETE COUTINHO;BA
LAJE;BA
LAJEDÃO;BA
LAJEDINHO;BA
LAMARÃO;BA
LAURO DE FREITAS;BA
LENÇÓIS;BA
LICÍNIO DE ALMEIDA;BA
LIVRAMENTO DE NOSSA SENHORA;BA
MACAJUBA;BA
MACARANI;BA
MACAÚBAS;BA
MACURURÉ;BA
MAIQUINIQUE;BA
MAIRI;BA
MALHADA;BA
MALHADA DE PEDRAS;BA
MANOEL VITORINO;BA
MARACÁS;BA
MARAGOGIPE;BA
MARAÚ;BA
MARCIONÍLIO SOUZA;BA
MASCOTE;BA
MATA DE SÃO JOÃO;BA
MEDEIROS NETO;BA
MIGUEL CALMON;BA
MILAGRES;BA
MIRANGABA;BA
MONTE SANTO;BA
MORPARÁ;BA
MORRO DO CHAPÉU;BA
MORTUGABA;BA
MUCUGÊ;BA
MUCURI;BA
MUNDO NOVO;BA
MUNIZ FERREIRA;BA
MURITIBA;BA
MUTUÍPE;BA
NAZARÉ;BA
NILO PEÇANHA;BA
NOVA CANAÃ;BA
NOVA ITARANA;BA
NOVA SOURE;BA
NOVA VIÇOSA;BA
OLINDINA;BA
OLIVEIRA DOS BREJINHOS;BA
OURIÇANGAS;BA
PALMAS DE MONTE ALTO;BA
PALMEIRAS;BA
PARAMIRIM;BA
PARATINGA;BA
PARIPIRANGA;BA
PAU BRASIL;BA
PAULO AFONSO;BA
PEDRÃO;BA
PEDRO ALEXANDRE;BA
PIATÃ;BA
PILÃO ARCADO;BA
PINDAÍ;BA
PINDOBAÇU;BA
PIRIPÁ;BA
PIRITIBA;BA
PLANALTINO;BA
PLANALTO;BA
POÇÕES;BA
POJUCA;BA
PORTO SEGURO;BA
POTIRAGUÁ;BA
PRADO;BA
PRESIDENTE DUTRA;BA
PRESIDENTE JÂNIO QUADROS;BA
QUEIMADAS;BA
QUIJINGUE;BA
REMANSO;BA
RETIROLÂNDIA;BA
RIACHÃO DAS NEVES;BA
RIACHÃO DO JACUÍPE;BA
RIACHO DE SANTANA;BA
RIBEIRA DO AMPARO;BA
RIBEIRA DO POMBAL;BA
RIO DE CONTAS;BA
RIO DO ANTÔNIO;BA
RIO DO PIRES;BA
RIO REAL;BA
RODELAS;BA
RUY BARBOSA;BA
SALINAS DA MARGARIDA;BA
SALVADOR;BA
SANTA BÁRBARA;BA
SANTA BRÍGIDA;BA
SANTA CRUZ CABRÁLIA;BA
SANTA CRUZ DA VITÓRIA;BA
SANTA INÊS;BA
SANTALUZ;BA
SANTA MARIA DA VITÓRIA;BA
SANTANA;BA
SANTANÓPOLIS;BA
SANTA TERESINHA;BA
SANTO AMARO;BA
SANTO ANTÔNIO DE JESUS;BA
SANTO ESTÊVÃO;BA
SÃO DESIDÉRIO;BA
SÃO FÉLIX;BA
SÃO FELIPE;BA
SÃO FRANCISCO DO CONDE;BA
SÃO GONÇALO DOS CAMPOS;BA
SÃO MIGUEL DAS MATAS;BA
SÃO SEBASTIÃO DO PASSÉ;BA
SAPEAÇU;BA
SÁTIRO DIAS;BA
SAÚDE;BA
SEABRA;BA
SEBASTIÃO LARANJEIRAS;BA
SENHOR DO BONFIM;BA
SENTO SÉ;BA
SERRA DOURADA;BA
SERRA PRETA;BA
SERRINHA;BA
SERROLÂNDIA;BA
SIMÕES FILHO;BA
SOUTO SOARES;BA
TABOCAS DO BREJO VELHO;BA
TANHAÇU;BA
TANQUINHO;BA
TAPEROÁ;BA
TAPIRAMUTÁ;BA
TEODORO SAMPAIO;BA
TEOFILÂNDIA;BA
TEOLÂNDIA;BA
TERRA NOVA;BA
TREMEDAL;BA
TUCANO;BA
UAUÁ;BA
UBAÍRA;BA
UBAITABA;BA
UBATÃ;BA
UIBAÍ;BA
UNA;BA
URANDI;BA
URUÇUCA;BA
UTINGA;BA
VALENÇA;BA
VALENTE;BA
VÁRZEA DO POÇO;BA
VERA CRUZ;BA
VITÓRIA DA CONQUISTA;BA
WAGNER;BA
WENCESLAU GUIMARÃES;BA
XIQUE-XIQUE;BA
LAPÃO;BA
MAETINGA;BA
MANSIDÃO;BA
NORDESTINA;BA
PÉ DE SERRA;BA
PINTADAS;BA
RAFAEL JAMBEIRO;BA
SANTA LUZIA;BA
SÃO GABRIEL;BA
TANQUE NOVO;BA
TEIXEIRA DE FREITAS;BA
VÁRZEA NOVA;BA
VÁRZEA DA ROÇA;BA
WANDERLEY;BA
ABADIA DOS DOURADOS;MG
ABAETÉ;MG
ABRE CAMPO;MG
ACAIACA;MG
AÇUCENA;MG
ÁGUA BOA;MG
ÁGUA COMPRIDA;MG
AGUANIL;MG
ÁGUAS FORMOSAS;MG
ÁGUAS VERMELHAS;MG
AIMORÉS;MG
AIURUOCA;MG
ALAGOA;MG
ALBERTINA;MG
ALÉM PARAÍBA;MG
ALFENAS;MG
ALMENARA;MG
ALPERCATA;MG
ALPINÓPOLIS;MG
ALTEROSA;MG
ALTO RIO DOCE;MG
ALVARENGA;MG
ALVINÓPOLIS;MG
ALVORADA DE MINAS;MG
AMPARO DA SERRA;MG
ANDRADAS;MG
CACHOEIRA DE PAJEÚ;MG
ANDRELÂNDIA;MG
ANTÔNIO CARLOS;MG
ANTÔNIO DIAS;MG
ANTÔNIO PRADO DE MINAS;MG
ARAÇAÍ;MG
ARACITABA;MG
ARAÇUAÍ;MG
ARAGUARI;MG
ARANTINA;MG
ARAPONGA;MG
ARAPUÁ;MG
ARAÚJOS;MG
ARAXÁ;MG
ARCEBURGO;MG
ARCOS;MG
AREADO;MG
ARGIRITA;MG
ARINOS;MG
ASTOLFO DUTRA;MG
ATALÉIA;MG
AUGUSTO DE LIMA;MG
BAEPENDI;MG
BALDIM;MG
BAMBUÍ;MG
BANDEIRA;MG
BANDEIRA DO SUL;MG
BARÃO DE COCAIS;MG
BARÃO DO MONTE ALTO;MG
BARBACENA;MG
BARRA LONGA;MG
TRÊS MARIAS;MG
BARROSO;MG
BELA VISTA DE MINAS;MG
BELMIRO BRAGA;MG
BELO HORIZONTE;MG
BELO ORIENTE;MG
BELO VALE;MG
BERILO;MG
BERTÓPOLIS;MG
BETIM;MG
BIAS FORTES;MG
BICAS;MG
BIQUINHAS;MG
BOA ESPERANÇA;MG
BOCAINA DE MINAS;MG
BOCAIÚVA;MG
BOM DESPACHO;MG
BOM JARDIM DE MINAS;MG
BOM JESUS DA PENHA;MG
BOM JESUS DO AMPARO;MG
BOM JESUS DO GALHO;MG
BOM REPOUSO;MG
BOM SUCESSO;MG
BONFIM;MG
BONFINÓPOLIS DE MINAS;MG
BORDA DA MATA;MG
BOTELHOS;MG
BOTUMIRIM;MG
BRASÍLIA DE MINAS;MG
BRÁS PIRES;MG
BRAÚNAS;MG
BRASÓPOLIS;MG
BRUMADINHO;MG
BUENO BRANDÃO;MG
BUENÓPOLIS;MG
BURITIS;MG
BURITIZEIRO;MG
CABO VERDE;MG
CACHOEIRA DA PRATA;MG
CACHOEIRA DE MINAS;MG
CACHOEIRA DOURADA;MG
CAETANÓPOLIS;MG
CAETÉ;MG
CAIANA;MG
CAJURI;MG
CALDAS;MG
CAMACHO;MG
CAMANDUCAIA;MG
CAMBUÍ;MG
CAMBUQUIRA;MG
CAMPANÁRIO;MG
CAMPANHA;MG
CAMPESTRE;MG
CAMPINA VERDE;MG
CAMPO BELO;MG
CAMPO DO MEIO;MG
CAMPO FLORIDO;MG
CAMPOS ALTOS;MG
CAMPOS GERAIS;MG
CANAÃ;MG
CANÁPOLIS;MG
CANA VERDE;MG
CANDEIAS;MG
CAPARAÓ;MG
CAPELA NOVA;MG
CAPELINHA;MG
CAPETINGA;MG
CAPIM BRANCO;MG
CAPINÓPOLIS;MG
CAPITÃO ENÉAS;MG
CAPITÓLIO;MG
CAPUTIRA;MG
CARAÍ;MG
CARANAÍBA;MG
CARANDAÍ;MG
CARANGOLA;MG
CARATINGA;MG
CARBONITA;MG
CAREAÇU;MG
CARLOS CHAGAS;MG
CARMÉSIA;MG
CARMO DA CACHOEIRA;MG
CARMO DA MATA;MG
CARMO DE MINAS;MG
CARMO DO CAJURU;MG
CARMO DO PARANAÍBA;MG
CARMO DO RIO CLARO;MG
CARMÓPOLIS DE MINAS;MG
CARRANCAS;MG
CARVALHÓPOLIS;MG
CARVALHOS;MG
CASA GRANDE;MG
CASCALHO RICO;MG
CÁSSIA;MG
CONCEIÇÃO DA BARRA DE MINAS;MG
CATAGUASES;MG
CATAS ALTAS DA NORUEGA;MG
CAXAMBU;MG
CEDRO DO ABAETÉ;MG
CENTRAL DE MINAS;MG
CENTRALINA;MG
CHÁCARA;MG
CHALÉ;MG
CHAPADA DO NORTE;MG
CHIADOR;MG
CIPOTÂNEA;MG
CLARAVAL;MG
CLARO DOS POÇÕES;MG
CLÁUDIO;MG
COIMBRA;MG
COLUNA;MG
COMENDADOR GOMES;MG
COMERCINHO;MG
CONCEIÇÃO DA APARECIDA;MG
CONCEIÇÃO DAS PEDRAS;MG
CONCEIÇÃO DAS ALAGOAS;MG
CONCEIÇÃO DE IPANEMA;MG
CONCEIÇÃO DO MATO DENTRO;MG
CONCEIÇÃO DO PARÁ;MG
CONCEIÇÃO DO RIO VERDE;MG
CONCEIÇÃO DOS OUROS;MG
CONGONHAL;MG
CONGONHAS;MG
CONGONHAS DO NORTE;MG
CONQUISTA;MG
CONSELHEIRO LAFAIETE;MG
CONSELHEIRO PENA;MG
CONSOLAÇÃO;MG
CONTAGEM;MG
COQUEIRAL;MG
CORAÇÃO DE JESUS;MG
CORDISBURGO;MG
CORDISLÂNDIA;MG
CORINTO;MG
COROACI;MG
COROMANDEL;MG
CORONEL FABRICIANO;MG
CORONEL MURTA;MG
CORONEL PACHECO;MG
CORONEL XAVIER CHAVES;MG
CÓRREGO DANTA;MG
CÓRREGO DO BOM JESUS;MG
CÓRREGO NOVO;MG
COUTO DE MAGALHÃES DE MINAS;MG
CRISTAIS;MG
CRISTÁLIA;MG
CRISTIANO OTONI;MG
CRISTINA;MG
CRUCILÂNDIA;MG
CRUZEIRO DA FORTALEZA;MG
CRUZÍLIA;MG
CURVELO;MG
DATAS;MG
DELFIM MOREIRA;MG
DELFINÓPOLIS;MG
DESCOBERTO;MG
DESTERRO DE ENTRE RIOS;MG
DESTERRO DO MELO;MG
DIAMANTINA;MG
DIOGO DE VASCONCELOS;MG
DIONÍSIO;MG
DIVINÉSIA;MG
DIVINO;MG
DIVINO DAS LARANJEIRAS;MG
DIVINOLÂNDIA DE MINAS;MG
DIVINÓPOLIS;MG
DIVISA NOVA;MG
DOM CAVATI;MG
DOM JOAQUIM;MG
DOM SILVÉRIO;MG
DOM VIÇOSO;MG
DONA EUZEBIA;MG
DORES DE CAMPOS;MG
DORES DE GUANHÃES;MG
DORES DO INDAIÁ;MG
DORES DO TURVO;MG
DORESÓPOLIS;MG
DOURADOQUARA;MG
ELÓI MENDES;MG
ENGENHEIRO CALDAS;MG
ENGENHEIRO NAVARRO;MG
ENTRE RIOS DE MINAS;MG
ERVÁLIA;MG
ESMERALDAS;MG
ESPERA FELIZ;MG
ESPINOSA;MG
ESPÍRITO SANTO DO DOURADO;MG
ESTIVA;MG
ESTRELA DALVA;MG
ESTRELA DO INDAIÁ;MG
ESTRELA DO SUL;MG
EUGENÓPOLIS;MG
EWBANK DA CÂMARA;MG
EXTREMA;MG
FAMA;MG
FARIA LEMOS;MG
FELÍCIO DOS SANTOS;MG
SÃO GONÇALO DO RIO PRETO;MG
FELISBURGO;MG
FELIXLÂNDIA;MG
FERNANDES TOURINHO;MG
FERROS;MG
FLORESTAL;MG
FORMIGA;MG
FORMOSO;MG
FORTALEZA DE MINAS;MG
FORTUNA DE MINAS;MG
FRANCISCO BADARÓ;MG
FRANCISCO DUMONT;MG
FRANCISCO SÁ;MG
FREI GASPAR;MG
FREI INOCÊNCIO;MG
FRONTEIRA;MG
FRUTAL;MG
FUNILÂNDIA;MG
GALILÉIA;MG
GONÇALVES;MG
GONZAGA;MG
Gouveia;MG
GOVERNADOR VALADARES;MG
GRÃO MOGOL;MG
GRUPIARA;MG
GUANHÃES;MG
GUAPÉ;MG
GUARACIABA;MG
GUARANÉSIA;MG
GUARANI;MG
GUARARÁ;MG
GUARDA-MOR;MG
GUAXUPÉ;MG
GUIDOVAL;MG
GUIMARÂNIA;MG
GUIRICEMA;MG
GURINHATÃ;MG
HELIODORA;MG
IAPU;MG
IBERTIOGA;MG
IBIÁ;MG
IBIAÍ;MG
IBIRACI;MG
IBIRITÉ;MG
IBITIÚRA DE MINAS;MG
IBITURUNA;MG
IGARAPÉ;MG
IGARATINGA;MG
IGUATAMA;MG
IJACI;MG
ILICÍNEA;MG
INCONFIDENTES;MG
INDIANÓPOLIS;MG
INGAÍ;MG
INHAPIM;MG
INHAÚMA;MG
INIMUTABA;MG
IPANEMA;MG
IPATINGA;MG
IPIAÇU;MG
IPUIÚNA;MG
IRAÍ DE MINAS;MG
ITABIRA;MG
ITABIRINHA;MG
ITABIRITO;MG
ITACAMBIRA;MG
ITACARAMBI;MG
ITAGUARA;MG
ITAIPÉ;MG
ITAJUBÁ;MG
ITAMARANDIBA;MG
ITAMARATI DE MINAS;MG
ITAMBACURI;MG
ITAMBÉ DO MATO DENTRO;MG
ITAMOGI;MG
ITAMONTE;MG
ITANHANDU;MG
ITANHOMI;MG
ITAOBIM;MG
ITAPAGIPE;MG
ITAPECERICA;MG
ITAPEVA;MG
ITATIAIUÇU;MG
ITAÚNA;MG
ITAVERAVA;MG
ITINGA;MG
ITUETA;MG
ITUIUTABA;MG
ITUMIRIM;MG
ITURAMA;MG
ITUTINGA;MG
JABOTICATUBAS;MG
JACINTO;MG
JACUÍ;MG
JACUTINGA;MG
JAGUARAÇU;MG
JANAÚBA;MG
JANUÁRIA;MG
JAPARAÍBA;MG
JECEABA;MG
JEQUERI;MG
JEQUITAÍ;MG
JEQUITIBÁ;MG
JEQUITINHONHA;MG
JESUÂNIA;MG
JOAÍMA;MG
JOANÉSIA;MG
JOÃO MONLEVADE;MG
JOÃO PINHEIRO;MG
JOAQUIM FELÍCIO;MG
JORDÂNIA;MG
NOVA UNIÃO;MG
JUIZ DE FORA;MG
JURAMENTO;MG
JURUAIA;MG
LADAINHA;MG
LAGAMAR;MG
LAGOA DA PRATA;MG
LAGOA DOS PATOS;MG
LAGOA DOURADA;MG
LAGOA FORMOSA;MG
LAGOA SANTA;MG
LAJINHA;MG
LAMBARI;MG
LAMIM;MG
LARANJAL;MG
LASSANCE;MG
LAVRAS;MG
LEANDRO FERREIRA;MG
LEOPOLDINA;MG
LIBERDADE;MG
LIMA DUARTE;MG
LUMINÁRIAS;MG
LUZ;MG
MACHACALIS;MG
MACHADO;MG
MADRE DE DEUS DE MINAS;MG
MALACACHETA;MG
MANGA;MG
MANHUAÇU;MG
MANHUMIRIM;MG
MANTENA;MG
MARAVILHAS;MG
MAR DE ESPANHA;MG
MARIA DA FÉ;MG
MARIANA;MG
MARILAC;MG
MARIPÁ DE MINAS;MG
MARLIÉRIA;MG
MARMELÓPOLIS;MG
MARTINHO CAMPOS;MG
MATERLÂNDIA;MG
MATEUS LEME;MG
MATIAS BARBOSA;MG
MATIPÓ;MG
MATO VERDE;MG
MATOZINHOS;MG
MATUTINA;MG
MEDEIROS;MG
MEDINA;MG
MENDES PIMENTEL;MG
MERCÊS;MG
MESQUITA;MG
MINAS NOVAS;MG
MINDURI;MG
MIRABELA;MG
MIRADOURO;MG
MIRAÍ;MG
MOEDA;MG
MOEMA;MG
MONJOLOS;MG
MONSENHOR PAULO;MG
MONTALVÂNIA;MG
MONTE ALEGRE DE MINAS;MG
MONTE AZUL;MG
MONTE BELO;MG
MONTE CARMELO;MG
MONTE SANTO DE MINAS;MG
MONTES CLAROS;MG
MONTE SIÃO;MG
MORADA NOVA DE MINAS;MG
MORRO DA GARÇA;MG
MORRO DO PILAR;MG
MUNHOZ;MG
MURIAÉ;MG
MUTUM;MG
MUZAMBINHO;MG
NACIP RAYDAN;MG
NANUQUE;MG
NATÉRCIA;MG
NAZARENO;MG
NEPOMUCENO;MG
NOVA ERA;MG
NOVA LIMA;MG
NOVA MÓDICA;MG
NOVA PONTE;MG
NOVA RESENDE;MG
NOVA SERRANA;MG
NOVO CRUZEIRO;MG
OLARIA;MG
OLÍMPIO NORONHA;MG
OLIVEIRA;MG
OLIVEIRA FORTES;MG
ONÇA DE PITANGUI;MG
OURO BRANCO;MG
OURO FINO;MG
OURO PRETO;MG
OURO VERDE DE MINAS;MG
PADRE PARAÍSO;MG
PAINEIRAS;MG
PAINS;MG
PAIVA;MG
PALMA;MG
FRONTEIRA DOS VALES;MG
PAPAGAIOS;MG
PARACATU;MG
PARÁ DE MINAS;MG
PARAGUAÇU;MG
PARAISÓPOLIS;MG
PARAOPEBA;MG
PASSABÉM;MG
PASSA QUATRO;MG
PASSA TEMPO;MG
PASSA VINTE;MG
PASSOS;MG
PATOS DE MINAS;MG
PATROCÍNIO;MG
PATROCÍNIO DO MURIAÉ;MG
PAULA CÂNDIDO;MG
PAULISTAS;MG
PAVÃO;MG
PEÇANHA;MG
PEDRA AZUL;MG
PEDRA DO ANTA;MG
PEDRA DO INDAIÁ;MG
PEDRA DOURADA;MG
PEDRALVA;MG
PEDRINÓPOLIS;MG
PEDRO LEOPOLDO;MG
PEDRO TEIXEIRA;MG
PEQUERI;MG
PEQUI;MG
PERDIGÃO;MG
PERDIZES;MG
PERDÕES;MG
PESCADOR;MG
PIAU;MG
PIEDADE DE PONTE NOVA;MG
PIEDADE DO RIO GRANDE;MG
PIEDADE DOS GERAIS;MG
PIMENTA;MG
PIRACEMA;MG
PIRAJUBA;MG
PIRANGA;MG
PIRANGUÇU;MG
PIRANGUINHO;MG
PIRAPETINGA;MG
PIRAPORA;MG
PIRAÚBA;MG
PITANGUI;MG
PIUMHI;MG
PLANURA;MG
POÇO FUNDO;MG
POÇOS DE CALDAS;MG
POCRANE;MG
POMPÉU;MG
PONTE NOVA;MG
PORTEIRINHA;MG
PORTO FIRME;MG
POTÉ;MG
POUSO ALEGRE;MG
POUSO ALTO;MG
PRADOS;MG
PRATA;MG
PRATÁPOLIS;MG
PRATINHA;MG
PRESIDENTE BERNARDES;MG
PRESIDENTE JUSCELINO;MG
PRESIDENTE KUBITSCHEK;MG
PRESIDENTE OLEGÁRIO;MG
ALTO JEQUITIBÁ;MG
PRUDENTE DE MORAIS;MG
QUARTEL GERAL;MG
Queluzito;MG
RAPOSOS;MG
RAUL SOARES;MG
RECREIO;MG
RESENDE COSTA;MG
RESPLENDOR;MG
RESSAQUINHA;MG
RIACHO DOS MACHADOS;MG
RIBEIRÃO DAS NEVES;MG
RIBEIRÃO VERMELHO;MG
RIO ACIMA;MG
RIO CASCA;MG
RIO DOCE;MG
RIO DO PRADO;MG
RIO ESPERA;MG
RIO MANSO;MG
RIO NOVO;MG
RIO PARANAÍBA;MG
RIO PARDO DE MINAS;MG
RIO PIRACICABA;MG
RIO POMBA;MG
RIO PRETO;MG
RIO VERMELHO;MG
RITÁPOLIS;MG
ROCHEDO DE MINAS;MG
RODEIRO;MG
ROMARIA;MG
RUBELITA;MG
RUBIM;MG
SABARÁ;MG
SABINÓPOLIS;MG
SACRAMENTO;MG
SALINAS;MG
SALTO DA DIVISA;MG
SANTA BÁRBARA;MG
SANTA BÁRBARA DO TUGÚRIO;MG
SANTA CRUZ DO ESCALVADO;MG
SANTA EFIGÊNIA DE MINAS;MG
SANTA FÉ DE MINAS;MG
SANTA JULIANA;MG
SANTA LUZIA;MG
SANTA MARGARIDA;MG
SANTA MARIA DE ITABIRA;MG
SANTA MARIA DO SALTO;MG
SANTA MARIA DO SUAÇUÍ;MG
SANTANA DA VARGEM;MG
SANTANA DE CATAGUASES;MG
SANTANA DE PIRAPAMA;MG
SANTANA DO DESERTO;MG
SANTANA DO GARAMBÉU;MG
SANTANA DO JACARÉ;MG
SANTANA DO MANHUAÇU;MG
SANTANA DO RIACHO;MG
SANTANA DOS MONTES;MG
SANTA RITA DE CALDAS;MG
SANTA RITA DE JACUTINGA;MG
SANTA RITA DE IBITIPOCA;MG
SANTA RITA DO ITUETO;MG
SANTA RITA DO SAPUCAÍ;MG
SANTA ROSA DA SERRA;MG
SANTA VITÓRIA;MG
SANTO ANTÔNIO DO AMPARO;MG
SANTO ANTÔNIO DO AVENTUREIRO;MG
SANTO ANTÔNIO DO GRAMA;MG
SANTO ANTÔNIO DO ITAMBÉ;MG
SANTO ANTÔNIO DO JACINTO;MG
SANTO ANTÔNIO DO MONTE;MG
SANTO ANTÔNIO DO RIO ABAIXO;MG
SANTO HIPÓLITO;MG
SANTOS DUMONT;MG
SÃO BENTO ABADE;MG
SÃO BRÁS DO SUAÇUÍ;MG
SÃO DOMINGOS DO PRATA;MG
SÃO FRANCISCO;MG
SÃO FRANCISCO DE PAULA;MG
SÃO FRANCISCO DE SALES;MG
SÃO FRANCISCO DO GLÓRIA;MG
SÃO GERALDO;MG
SÃO GERALDO DA PIEDADE;MG
SÃO GONÇALO DO ABAETÉ;MG
SÃO GONÇALO DO PARÁ;MG
SÃO GONÇALO DO RIO ABAIXO;MG
SÃO GONÇALO DO SAPUCAÍ;MG
SÃO GOTARDO;MG
SÃO JOÃO BATISTA DO GLÓRIA;MG
SÃO JOÃO DA MATA;MG
SÃO JOÃO DA PONTE;MG
SÃO JOÃO DEL REI;MG
SÃO JOÃO DO ORIENTE;MG
SÃO JOÃO DO PARAÍSO;MG
SÃO JOÃO EVANGELISTA;MG
SÃO JOÃO NEPOMUCENO;MG
SÃO JOSÉ DA SAFIRA;MG
SÃO JOSÉ DA VARGINHA;MG
SÃO JOSÉ DO ALEGRE;MG
SÃO JOSÉ DO DIVINO;MG
SÃO JOSÉ DO GOIABAL;MG
SÃO JOSÉ DO JACURI;MG
SÃO JOSÉ DO MANTIMENTO;MG
SÃO LOURENÇO;MG
SÃO MIGUEL DO ANTA;MG
SÃO PEDRO DA UNIÃO;MG
SÃO PEDRO DOS FERROS;MG
SÃO PEDRO DO SUAÇUÍ;MG
SÃO ROMÃO;MG
SÃO ROQUE DE MINAS;MG
SÃO SEBASTIÃO DA BELA VISTA;MG
SÃO SEBASTIÃO DO MARANHÃO;MG
SÃO SEBASTIÃO DO OESTE;MG
SÃO SEBASTIÃO DO PARAÍSO;MG
SÃO SEBASTIÃO DO RIO PRETO;MG
SÃO SEBASTIÃO DO RIO VERDE;MG
SÃO TIAGO;MG
SÃO TOMÁS DE AQUINO;MG
SÃO TOMÉ DAS LETRAS;MG
SÃO VICENTE DE MINAS;MG
SAPUCAÍ-MIRIM;MG
SARDOÁ;MG
SENADOR CORTES;MG
SENADOR FIRMINO;MG
SENADOR JOSÉ BENTO;MG
SENADOR MODESTINO GONÇALVES;MG
SENHORA DE OLIVEIRA;MG
SENHORA DO PORTO;MG
SENHORA DOS REMÉDIOS;MG
SERICITA;MG
SERITINGA;MG
SERRA AZUL DE MINAS;MG
SERRA DA SAUDADE;MG
SERRA DOS AIMORÉS;MG
SERRA DO SALITRE;MG
SERRANIA;MG
SERRANOS;MG
SERRO;MG
SETE LAGOAS;MG
SILVEIRÂNIA;MG
SILVIANÓPOLIS;MG
SIMÃO PEREIRA;MG
SIMONÉSIA;MG
SOBRÁLIA;MG
SOLEDADE DE MINAS;MG
TABULEIRO;MG
TAIOBEIRAS;MG
TAPIRA;MG
TAPIRAÍ;MG
TAQUARAÇU DE MINAS;MG
TARUMIRIM;MG
TEIXEIRAS;MG
TEÓFILO OTONI;MG
TIMÓTEO;MG
TIRADENTES;MG
TIROS;MG
TOCANTINS;MG
TOLEDO;MG
TOMBOS;MG
TRÊS CORAÇÕES;MG
TRÊS PONTAS;MG
TUMIRITINGA;MG
TUPACIGUARA;MG
TURMALINA;MG
TURVOLÂNDIA;MG
UBÁ;MG
UBAÍ;MG
UBERABA;MG
UBERLÂNDIA;MG
UMBURATIBA;MG
UNAÍ;MG
URUCÂNIA;MG
VARGEM BONITA;MG
VARGINHA;MG
VÁRZEA DA PALMA;MG
VARZELÂNDIA;MG
VAZANTE;MG
WENCESLAU BRAZ;MG
VERÍSSIMO;MG
VESPASIANO;MG
VIÇOSA;MG
VIEIRAS;MG
MATHIAS LOBATO;MG
VIRGEM DA LAPA;MG
VIRGÍNIA;MG
VIRGINÓPOLIS;MG
VIRGOLÂNDIA;MG
VISCONDE DO RIO BRANCO;MG
VOLTA GRANDE;MG
SALTINHO;SP
SÃO LOURENÇO DA SERRA;SP
DOUTOR ULYSSES;PR
ITAPERUÇU;PR
PINHAIS;PR
TUNAS DO PARANÁ;PR
NOVA SANTA BÁRBARA;PR
MAUÁ DA SERRA;PR
PITANGUEIRAS;PR
ANAHY;PR
DIAMANTE DO SUL;PR
IGUATU;PR
SANTA LÚCIA;PR
BOA ESPERANÇA DO IGUAÇU;PR
CRUZEIRO DO IGUAÇU;PR
FLOR DA SERRA DO SUL;PR
NOVA ESPERANÇA DO SUDOESTE;PR
NOVA LARANJEIRAS;PR
RIO BONITO DO IGUAÇU;PR
VIRMOND;PR
IRACEMA DO OESTE;PR
MARIPÁ;PR
SÃO PEDRO DO IGUAÇU;PR
CAFEZAL DO SUL;PR
SAUDADE DO IGUAÇU;PR
Pinhal de São Bento;PR
VENTANIA;PR
CANDÓI;PR
LARANJAL;PR
MATO RICO;PR
SANTA MARIA DO OESTE;PR
LIDIANÓPOLIS;PR
ÂNGULO;PR
FAROL;PR
RANCHO ALEGRE D'OESTE;PR
SÃO MANOEL DO PARANÁ;PR
NOVO ITACOLOMI;PR
SANTA MÔNICA;PR
BRASILÂNDIA DO SUL;PR
ALTO PARAÍSO;PR
ITAIPULÂNDIA;PR
RAMILÂNDIA;PR
ENTRE RIOS DO OESTE;PR
MERCEDES;PR
PATO BRAGADO;PR
QUATRO PONTES;PR
BOMBINHAS;SC
MORRO GRANDE;SC
PASSO DE TORRES;SC
COCAL DO SUL;SC
CAPIVARI DE BAIXO;SC
SANGÃO;SC
BALNEÁRIO BARRA DO SUL;SC
SÃO JOÃO DO ITAPERIÚ;SC
CALMON;SC
SANTA TEREZINHA;SC
BRAÇO DO TROMBUDO;SC
MIRIM DOCE;SC
MONTE CARLO;SC
VARGEM;SC
VARGEM BONITA;SC
CERRO NEGRO;SC
PONTE ALTA DO NORTE;SC
RIO RUFINO;SC
SÃO CRISTOVÃO DO SUL;SC
MACIEIRA;SC
ÁGUAS FRIAS;SC
CORDILHEIRA ALTA;SC
FORMOSA DO SUL;SC
GUATAMBÚ;SC
IRATI;SC
JARDINÓPOLIS;SC
NOVA ITABERABA;SC
NOVO HORIZONTE;SC
PLANALTO ALEGRE;SC
SUL BRASIL;SC
ARABUTÃ;SC
ARVOREDO;SC
AFONSO CLÁUDIO;ES
ALEGRE;ES
ALFREDO CHAVES;ES
ANCHIETA;ES
APIACÁ;ES
ARACRUZ;ES
ATILIO VIVACQUA;ES
BAIXO GUANDU;ES
BARRA DE SÃO FRANCISCO;ES
BOA ESPERANÇA;ES
BOM JESUS DO NORTE;ES
CACHOEIRO DE ITAPEMIRIM;ES
CARIACICA;ES
CASTELO;ES
COLATINA;ES
CONCEIÇÃO DA BARRA;ES
CONCEIÇÃO DO CASTELO;ES
DIVINO DE SÃO LOURENÇO;ES
DOMINGOS MARTINS;ES
DORES DO RIO PRETO;ES
ECOPORANGA;ES
FUNDÃO;ES
GUAÇUÍ;ES
GUARAPARI;ES
IBIRAÇU;ES
ICONHA;ES
ITAGUAÇU;ES
ITAPEMIRIM;ES
ITARANA;ES
IÚNA;ES
JERÔNIMO MONTEIRO;ES
LINHARES;ES
MANTENÓPOLIS;ES
MIMOSO DO SUL;ES
MONTANHA;ES
MUCURICI;ES
MUNIZ FREIRE;ES
MUQUI;ES
NOVA VENÉCIA;ES
PANCAS;ES
PINHEIROS;ES
PIÚMA;ES
PRESIDENTE KENNEDY;ES
RIO NOVO DO SUL;ES
SANTA LEOPOLDINA;ES
SANTA TERESA;ES
SÃO GABRIEL DA PALHA;ES
SÃO JOSÉ DO CALÇADO;ES
SÃO MATEUS;ES
SERRA;ES
VIANA;ES
VILA VELHA;ES
VITÓRIA;ES
MARILÂNDIA;ES
IBATIBA;ES
RIO BANANAL;ES
JAGUARÉ;ES
PEDRO CANÁRIO;ES
ÁGUA DOCE DO NORTE;ES
ALTO RIO NOVO;ES
JOÃO NEIVA;ES
LARANJA DA TERRA;ES
SANTA MARIA DE JETIBÁ;ES
VARGEM ALTA;ES
VENDA NOVA DO IMIGRANTE;ES
ITAÚ DE MINAS;MG
ÁGUIA BRANCA;ES
CORONEL MARTINS;SC
IPUAÇU;SC
Lajeado Grande;SC
OURO VERDE;SC
PASSOS MAIA;SC
BELMONTE;SC
PARAÍSO;SC
RIQUEZA;SC
SANTA HELENA;SC
SÃO JOÃO DO OESTE;SC
SÃO MIGUEL DA BOA VISTA;SC
NOVA SANTA RITA;RS
MARIANA PIMENTEL;RS
SERTÃO SANTANA;RS
GRAMADO XAVIER;RS
PASSO DO SOBRADO;RS
SINIMBU;RS
VALE DO SOL;RS
BARÃO DO TRIUNFO;RS
MINAS DO LEÃO;RS
MORRINHOS DO SUL;RS
TRÊS FORQUILHAS;RS
ARAMBARÉ;RS
SENTINELA DO SUL;RS
MAQUINÉ;RS
XANGRI-LÁ;RS
PINHAL GRANDE;RS
QUEVEDOS;RS
SÃO JOÃO DO POLÊSINE;RS
SÃO MARTINHO DA SERRA;RS
VILA NOVA DO SUL;RS
COXILHA;RS
GENTIL;RS
ANGRA DOS REIS;RJ
ARARUAMA;RJ
BARRA DO PIRAÍ;RJ
BARRA MANSA;RJ
BOM JARDIM;RJ
BOM JESUS DO ITABAPOANA;RJ
CABO FRIO;RJ
CACHOEIRAS DE MACACU;RJ
CAMBUCI;RJ
CAMPOS DOS GOYTACAZES;RJ
CANTAGALO;RJ
CARMO;RJ
CASIMIRO DE ABREU;RJ
CONCEIÇÃO DE MACABU;RJ
CORDEIRO;RJ
DUAS BARRAS;RJ
DUQUE DE CAXIAS;RJ
ENGENHEIRO PAULO DE FRONTIN;RJ
ITABORAÍ;RJ
ITAGUAÍ;RJ
ITAOCARA;RJ
ITAPERUNA;RJ
LAJE DO MURIAÉ;RJ
MACAÉ;RJ
MAGÉ;RJ
MANGARATIBA;RJ
MARICÁ;RJ
MENDES;RJ
MIGUEL PEREIRA;RJ
MIRACEMA;RJ
NATIVIDADE;RJ
NILÓPOLIS;RJ
NITERÓI;RJ
NOVA FRIBURGO;RJ
NOVA IGUAÇU;RJ
PARACAMBI;RJ
PARAÍBA DO SUL;RJ
PARATI;RJ
PETRÓPOLIS;RJ
PIRAÍ;RJ
PORCIÚNCULA;RJ
RESENDE;RJ
RIO BONITO;RJ
RIO CLARO;RJ
RIO DAS FLORES;RJ
SANTA MARIA MADALENA;RJ
SANTO ANTÔNIO DE PÁDUA;RJ
SÃO FIDÉLIS;RJ
SÃO GONÇALO;RJ
SÃO JOÃO DA BARRA;RJ
SÃO JOÃO DE MERITI;RJ
SÃO PEDRO DA ALDEIA;RJ
SÃO SEBASTIÃO DO ALTO;RJ
SAPUCAIA;RJ
SAQUAREMA;RJ
SILVA JARDIM;RJ
SUMIDOURO;RJ
TERESÓPOLIS;RJ
TRAJANO DE MORAES;RJ
TRÊS RIOS;RJ
VALENÇA;RJ
VASSOURAS;RJ
VOLTA REDONDA;RJ
ARRAIAL DO CABO;RJ
ITALVA;RJ
MATO CASTELHANO;RS
MORMAÇO;RS
MULITERNO;RS
NICOLAU VERGUEIRO;RS
PONTÃO;RS
SANTO ANTÔNIO DO PALMA;RS
BARRA FUNDA;RS
COQUEIROS DO SUL;RS
ENGENHO VELHO;RS
GRAMADO DOS LOUREIROS;RS
LAGOA DOS TRÊS CANTOS;RS
NOVA BOA VISTA;RS
RIO DOS ÍNDIOS;RS
SANTO ANTÔNIO DO PLANALTO;RS
BARRA DO RIO AZUL;RS
CARLOS GOMES;RS
CENTENÁRIO;RS
CHARRUA;RS
PONTE PRETA;RS
AMETISTA DO SUL;RS
DOIS IRMÃOS DAS MISSÕES;RS
NOVO TIRADENTES;RS
PINHEIRINHO DO VALE;RS
SANTO EXPEDITO DO SUL;RS
TUPANCI DO SUL;RS
BOA VISTA DAS MISSÕES;RS
LAJEADO DO BUGRE;RS
NOVO BARREIRO;RS
SAGRADA FAMÍLIA;RS
SÃO JOSÉ DAS MISSÕES;RS
NOVA PÁDUA;RS
MONTE BELO DO SUL;RS
SANTA TEREZA;RS
SÃO VALENTIM DO SUL;RS
UNIÃO DA SERRA;RS
RIO DE JANEIRO;RJ
ITATIAIA;RJ
PATY DO ALFERES;RJ
QUISSAMÃ;RJ
SÃO JOSÉ DO VALE DO RIO PRETO;RJ
IBITIRAMA;ES
CAMPESTRE DA SERRA;RS
SÃO JOSÉ DOS AUSENTES;RS
LINDOLFO COLLOR;RS
MORRO REUTER;RS
PICADA CAFÉ;RS
PRESIDENTE LUCENA;RS
CAPITÃO;RS
ITAPUCA;RS
COLINAS;RS
MATO LEITÃO;RS
SANTA CLARA DO SUL;RS
SÉRIO;RS
TRAVESSEIRO;RS
MARATÁ;RS
PARECI NOVO;RS
SÃO PEDRO DA SERRA;RS
ALTO FELIZ;RS
LINHA NOVA;RS
VALE REAL;RS
INHACORÁ;RS
VITÓRIA DAS MISSÕES;RS
CORONEL BARROS;RS
NOVO MACHADO;RS
SÃO JOSÉ DO INHACORÁ;RS
SALVADOR DAS MISSÕES;RS
SÃO PEDRO DO BUTIÁ;RS
PORTO MAUÁ;RS
PORTO VERA CRUZ;RS
BARRA DO GUARITA;RS
BOM PROGRESSO;RS
DERRUBADAS;RS
SÃO VALÉRIO DO SUL;RS
TIRADENTES DO SUL;RS
MANOEL VIANA;RS
GARRUCHOS;RS
CANDIOTA;RS
HULHA NEGRA;RS
SÃO JOSÉ DO POVO;MT
ADAMANTINA;SP
ADOLFO;SP
AGUAÍ;SP
ÁGUAS DA PRATA;SP
ÁGUAS DE LINDÓIA;SP
ÁGUAS DE SÃO PEDRO;SP
AGUDOS;SP
ALFREDO MARCONDES;SP
ALTAIR;SP
ALTINÓPOLIS;SP
ALTO ALEGRE;SP
ÁLVARES FLORENCE;SP
ÁLVARES MACHADO;SP
ÁLVARO DE CARVALHO;SP
ALVINLÂNDIA;SP
AMERICANA;SP
AMÉRICO BRASILIENSE;SP
AMÉRICO DE CAMPOS;SP
AMPARO;SP
ANALÂNDIA;SP
ANDRADINA;SP
ANGATUBA;SP
ANHEMBI;SP
ANHUMAS;SP
APARECIDA;SP
APARECIDA D'OESTE;SP
APIAÍ;SP
ARAÇATUBA;SP
ARAÇOIABA DA SERRA;SP
ARAMINA;SP
ARANDU;SP
ARARAQUARA;SP
ARARAS;SP
AREALVA;SP
AREIAS;SP
AREIÓPOLIS;SP
ARIRANHA;SP
ARTUR NOGUEIRA;SP
ARUJÁ;SP
ASSIS;SP
ATIBAIA;SP
AURIFLAMA;SP
AVAÍ;SP
AVANHANDAVA;SP
AVARÉ;SP
BADY BASSITT;SP
BALBINOS;SP
BÁLSAMO;SP
BANANAL;SP
BARBOSA;SP
BARÃO DE ANTONINA;SP
BARIRI;SP
BARRA BONITA;SP
BARRA DO TURVO;SP
BARRETOS;SP
BARRINHA;SP
BARUERI;SP
BASTOS;SP
BATATAIS;SP
BAURU;SP
BEBEDOURO;SP
BENTO DE ABREU;SP
BERNARDINO DE CAMPOS;SP
BILAC;SP
BIRIGUI;SP
BIRITIBA-MIRIM;SP
BOA ESPERANÇA DO SUL;SP
BOCAINA;SP
BOFETE;SP
BOITUVA;SP
BOM JESUS DOS PERDÕES;SP
BORÁ;SP
BORACÉIA;SP
BORBOREMA;SP
BOTUCATU;SP
BRAGANÇA PAULISTA;SP
BRAÚNA;SP
BRODOWSKI;SP
BROTAS;SP
BURI;SP
BURITAMA;SP
BURITIZAL;SP
CABRÁLIA PAULISTA;SP
CABREÚVA;SP
CAÇAPAVA;SP
CACHOEIRA PAULISTA;SP
CACONDE;SP
CAFELÂNDIA;SP
CAIABU;SP
CAIEIRAS;SP
CAIUÁ;SP
CAJAMAR;SP
CAJOBI;SP
CAJURU;SP
CAMPINAS;SP
CAMPO LIMPO PAULISTA;SP
CAMPOS DO JORDÃO;SP
CAMPOS NOVOS PAULISTA;SP
CANANÉIA;SP
CÂNDIDO MOTA;SP
CÂNDIDO RODRIGUES;SP
CAPÃO BONITO;SP
CAPELA DO ALTO;SP
CAPIVARI;SP
CARAGUATATUBA;SP
CARAPICUÍBA;SP
CARDOSO;SP
CASA BRANCA;SP
CÁSSIA DOS COQUEIROS;SP
CASTILHO;SP
CATANDUVA;SP
CATIGUÁ;SP
CEDRAL;SP
CERQUEIRA CÉSAR;SP
CERQUILHO;SP
CESÁRIO LANGE;SP
CHARQUEADA;SP
CHAVANTES;SP
CLEMENTINA;SP
COLINA;SP
COLÔMBIA;SP
CONCHAL;SP
CONCHAS;SP
CORDEIRÓPOLIS;SP
COROADOS;SP
CORONEL MACEDO;SP
CORUMBATAÍ;SP
COSMÓPOLIS;SP
COSMORAMA;SP
COTIA;SP
CRAVINHOS;SP
CRISTAIS PAULISTA;SP
CRUZÁLIA;SP
CRUZEIRO;SP
CUBATÃO;SP
CUNHA;SP
DESCALVADO;SP
DIADEMA;SP
DIVINOLÂNDIA;SP
DOBRADA;SP
DOIS CÓRREGOS;SP
DOLCINÓPOLIS;SP
DOURADO;SP
DRACENA;SP
DUARTINA;SP
DUMONT;SP
ECHAPORÃ;SP
ELDORADO;SP
ELIAS FAUSTO;SP
EMBU DAS ARTES;SP
EMBU-GUAÇU;SP
ESTRELA D'OESTE;SP
ESTRELA DO NORTE;SP
FARTURA;SP
FERNANDÓPOLIS;SP
FERNANDO PRESTES;SP
FERRAZ DE VASCONCELOS;SP
FLORA RICA;SP
FLOREAL;SP
FLÓRIDA PAULISTA;SP
FLORÍNEA;SP
FRANCA;SP
FRANCISCO MORATO;SP
FRANCO DA ROCHA;SP
GABRIEL MONTEIRO;SP
GÁLIA;SP
GARÇA;SP
GASTÃO VIDIGAL;SP
GENERAL SALGADO;SP
GETULINA;SP
GLICÉRIO;SP
GUAIÇARA;SP
GUAIMBÊ;SP
GUAÍRA;SP
GUAPIAÇU;SP
GUAPIARA;SP
GUARÁ;SP
GUARAÇAÍ;SP
GUARACI;SP
GUARANI D'OESTE;SP
GUARANTÃ;SP
GUARARAPES;SP
GUARAREMA;SP
GUARATINGUETÁ;SP
GUAREÍ;SP
GUARIBA;SP
GUARUJÁ;SP
GUARULHOS;SP
GUZOLÂNDIA;SP
HERCULÂNDIA;SP
IACANGA;SP
IACRI;SP
IBATÉ;SP
IBIRÁ;SP
IBIRAREMA;SP
IBITINGA;SP
IBIÚNA;SP
ICÉM;SP
IEPÊ;SP
IGARAÇU DO TIETÊ;SP
IGARAPAVA;SP
IGARATÁ;SP
IGUAPE;SP
ILHABELA;SP
INDAIATUBA;SP
INDIANA;SP
INDIAPORÃ;SP
INÚBIA PAULISTA;SP
IPAUSSU;SP
IPERÓ;SP
IPEÚNA;SP
IPORANGA;SP
IPUÃ;SP
IRACEMÁPOLIS;SP
IRAPUÃ;SP
IRAPURU;SP
ITABERÁ;SP
ITAÍ;SP
ITAJOBI;SP
ITAJU;SP
ITANHAÉM;SP
ITAPECERICA DA SERRA;SP
ITAPETININGA;SP
ITAPEVA;SP
ITAPEVI;SP
ITAPIRA;SP
ITÁPOLIS;SP
ITAPORANGA;SP
ITAPUÍ;SP
ITAPURA;SP
ITAQUAQUECETUBA;SP
ITARARÉ;SP
ITARIRI;SP
ITATIBA;SP
ITATINGA;SP
ITIRAPINA;SP
ITIRAPUÃ;SP
ITOBI;SP
ITU;SP
ITUPEVA;SP
ITUVERAVA;SP
JABORANDI;SP
JABOTICABAL;SP
JACAREÍ;SP
JACI;SP
JACUPIRANGA;SP
JAGUARIÚNA;SP
JALES;SP
JAMBEIRO;SP
JANDIRA;SP
JARDINÓPOLIS;SP
JARINU;SP
JAÚ;SP
JERIQUARA;SP
JOANÓPOLIS;SP
JOÃO RAMALHO;SP
JOSÉ BONIFÁCIO;SP
JÚLIO MESQUITA;SP
JUNDIAÍ;SP
JUNQUEIRÓPOLIS;SP
JUQUIÁ;SP
JUQUITIBA;SP
LAGOINHA;SP
LARANJAL PAULISTA;SP
LAVÍNIA;SP
LAVRINHAS;SP
LEME;SP
LENÇÓIS PAULISTA;SP
LIMEIRA;SP
LINDÓIA;SP
LINS;SP
LORENA;SP
LOUVEIRA;SP
LUCÉLIA;SP
LUCIANÓPOLIS;SP
LUÍS ANTÔNIO;SP
LUIZIÂNIA;SP
LUPÉRCIO;SP
LUTÉCIA;SP
MACATUBA;SP
MACAUBAL;SP
MACEDÔNIA;SP
MAGDA;SP
MAIRINQUE;SP
MAIRIPORÃ;SP
MANDURI;SP
MARABÁ PAULISTA;SP
MARACAÍ;SP
MARIÁPOLIS;SP
MARÍLIA;SP
MARINÓPOLIS;SP
MARTINÓPOLIS;SP
MATÃO;SP
MAUÁ;SP
MENDONÇA;SP
MERIDIANO;SP
MIGUELÓPOLIS;SP
MINEIROS DO TIETÊ;SP
MIRACATU;SP
MIRA ESTRELA;SP
MIRANDÓPOLIS;SP
MIRANTE DO PARANAPANEMA;SP
MIRASSOL;SP
MIRASSOLÂNDIA;SP
MOCOCA;SP
MOGI DAS CRUZES;SP
MOGI-GUACU;SP
Mogi Mirim;SP
MOMBUCA;SP
MONÇÕES;SP
MONGAGUÁ;SP
MONTE ALEGRE DO SUL;SP
MONTE ALTO;SP
MONTE APRAZÍVEL;SP
MONTE AZUL PAULISTA;SP
MONTE CASTELO;SP
MONTEIRO LOBATO;SP
MONTE MOR;SP
MORRO AGUDO;SP
MORUNGABA;SP
MURUTINGA DO SUL;SP
NARANDIBA;SP
NATIVIDADE DA SERRA;SP
NAZARÉ PAULISTA;SP
NEVES PAULISTA;SP
NHANDEARA;SP
NIPOÃ;SP
NOVA ALIANÇA;SP
NOVA EUROPA;SP
NOVA GRANADA;SP
NOVA GUATAPORANGA;SP
NOVA INDEPENDÊNCIA;SP
NOVA LUZITÂNIA;SP
NOVA ODESSA;SP
NOVO HORIZONTE;SP
NUPORANGA;SP
OCAUÇU;SP
ÓLEO;SP
OLÍMPIA;SP
ONDA VERDE;SP
ORIENTE;SP
ORINDIÚVA;SP
ORLÂNDIA;SP
OSASCO;SP
OSCAR BRESSANE;SP
OSVALDO CRUZ;SP
OURINHOS;SP
OURO VERDE;SP
PACAEMBU;SP
PALESTINA;SP
PALMARES PAULISTA;SP
PALMEIRA D'OESTE;SP
PALMITAL;SP
PANORAMA;SP
PARAGUAÇU PAULISTA;SP
PARAIBUNA;SP
PARAÍSO;SP
PARANAPANEMA;SP
PARANAPUÃ;SP
PARAPUÃ;SP
PARDINHO;SP
PARIQUERA-AÇU;SP
PATROCÍNIO PAULISTA;SP
PAULICÉIA;SP
PAULÍNIA;SP
PAULO DE FARIA;SP
PEDERNEIRAS;SP
PEDRA BELA;SP
PEDRANÓPOLIS;SP
PEDREGULHO;SP
PEDREIRA;SP
PEDRO DE TOLEDO;SP
PENÁPOLIS;SP
PEREIRA BARRETO;SP
PEREIRAS;SP
PERUÍBE;SP
PIACATU;SP
PIEDADE;SP
PILAR DO SUL;SP
PINDAMONHANGABA;SP
PINDORAMA;SP
ESPÍRITO SANTO DO PINHAL;SP
PINHALZINHO;SP
PIQUEROBI;SP
PIQUETE;SP
PIRACAIA;SP
PIRACICABA;SP
PIRAJU;SP
PIRAJUÍ;SP
PIRANGI;SP
PIRAPORA DO BOM JESUS;SP
PIRAPOZINHO;SP
PIRASSUNUNGA;SP
PIRATININGA;SP
PITANGUEIRAS;SP
PLANALTO;SP
PLATINA;SP
POÁ;SP
POLONI;SP
POMPÉIA;SP
PONGAÍ;SP
PONTAL;SP
PONTES GESTAL;SP
POPULINA;SP
PORANGABA;SP
PORTO FELIZ;SP
PORTO FERREIRA;SP
POTIRENDABA;SP
PRADÓPOLIS;SP
PRAIA GRANDE;SP
PRESIDENTE ALVES;SP
PRESIDENTE BERNARDES;SP
PRESIDENTE EPITÁCIO;SP
PRESIDENTE PRUDENTE;SP
PRESIDENTE VENCESLAU;SP
PROMISSÃO;SP
QUATÁ;SP
QUEIROZ;SP
QUELUZ;SP
QUINTANA;SP
RAFARD;SP
RANCHARIA;SP
REDENÇÃO DA SERRA;SP
REGENTE FEIJÓ;SP
REGINÓPOLIS;SP
REGISTRO;SP
RESTINGA;SP
RIBEIRA;SP
RIBEIRÃO BONITO;SP
RIBEIRÃO BRANCO;SP
RIBEIRÃO CORRENTE;SP
RIBEIRÃO DO SUL;SP
RIBEIRÃO PIRES;SP
RIBEIRÃO PRETO;SP
RIVERSUL;SP
RIFAINA;SP
RINCÃO;SP
RINÓPOLIS;SP
RIO CLARO;SP
RIO DAS PEDRAS;SP
RIO GRANDE DA SERRA;SP
RIOLÂNDIA;SP
ROSEIRA;SP
RUBIÁCEA;SP
RUBINÉIA;SP
SABINO;SP
SAGRES;SP
SALES;SP
SALES OLIVEIRA;SP
SALESÓPOLIS;SP
SALMOURÃO;SP
SALTO;SP
SALTO DE PIRAPORA;SP
SALTO GRANDE;SP
SANDOVALINA;SP
SANTA ADÉLIA;SP
SANTA ALBERTINA;SP
SANTA BÁRBARA D'OESTE;SP
ÁGUAS DE SANTA BÁRBARA;SP
SANTA BRANCA;SP
SANTA CLARA D'OESTE;SP
SANTA CRUZ DA CONCEIÇÃO;SP
SANTA CRUZ DAS PALMEIRAS;SP
SANTA CRUZ DO RIO PARDO;SP
SANTA ERNESTINA;SP
SANTA FÉ DO SUL;SP
SANTA GERTRUDES;SP
SANTA ISABEL;SP
SANTA LÚCIA;SP
SANTA MARIA DA SERRA;SP
SANTA MERCEDES;SP
SANTANA DA PONTE PENSA;SP
SANTANA DE PARNAÍBA;SP
SANTA RITA D'OESTE;SP
SANTA RITA DO PASSA QUATRO;SP
SANTA ROSA DE VITERBO;SP
SANTO ANASTÁCIO;SP
SANTO ANDRÉ;SP
SANTO ANTÔNIO DA ALEGRIA;SP
SANTO ANTÔNIO DE POSSE;SP
SANTO ANTÔNIO DO JARDIM;SP
SANTO ANTÔNIO DO PINHAL;SP
SANTO EXPEDITO;SP
SANTÓPOLIS DO AGUAPEÍ;SP
SANTOS;SP
SÃO BENTO DO SAPUCAÍ;SP
SÃO BERNARDO DO CAMPO;SP
SÃO CAETANO DO SUL;SP
SÃO CARLOS;SP
SÃO FRANCISCO;SP
SÃO JOÃO DA BOA VISTA;SP
SÃO JOÃO DAS DUAS PONTES;SP
SÃO JOÃO DO PAU D'ALHO;SP
SÃO JOAQUIM DA BARRA;SP
SÃO JOSÉ DA BELA VISTA;SP
SÃO JOSÉ DO BARREIRO;SP
SÃO JOSÉ DO RIO PARDO;SP
SÃO JOSÉ DO RIO PRETO;SP
SÃO JOSÉ DOS CAMPOS;SP
SAO LUIZ DO PARAITINGA;SP
SÃO MANUEL;SP
SÃO MIGUEL ARCANJO;SP
SÃO PAULO;SP
SÃO PEDRO;SP
SÃO PEDRO DO TURVO;SP
SÃO ROQUE;SP
SÃO SEBASTIÃO;SP
SÃO SEBASTIÃO DA GRAMA;SP
SÃO SIMÃO;SP
SÃO VICENTE;SP
SARAPUÍ;SP
SARUTAIÁ;SP
SEBASTIANÓPOLIS DO SUL;SP
SERRA AZUL;SP
SERRANA;SP
SERRA NEGRA;SP
SERTÃOZINHO;SP
SETE BARRAS;SP
SEVERÍNIA;SP
SILVEIRAS;SP
SOCORRO;SP
SOROCABA;SP
SUD MENNUCCI;SP
SUMARÉ;SP
SUZANO;SP
TABAPUÃ;SP
TABATINGA;SP
TABOÃO DA SERRA;SP
TACIBA;SP
TAGUAÍ;SP
TAIAÇU;SP
TAIÚVA;SP
TAMBAÚ;SP
TANABI;SP
TAPIRAÍ;SP
TAPIRATIBA;SP
TAQUARITINGA;SP
TAQUARITUBA;SP
TARABAI;SP
TATUÍ;SP
TAUBATÉ;SP
TEJUPÁ;SP
TEODORO SAMPAIO;SP
TERRA ROXA;SP
TIETÊ;SP
TIMBURI;SP
TORRINHA;SP
TREMEMBÉ;SP
TRÊS FRONTEIRAS;SP
TUPÃ;SP
TUPI PAULISTA;SP
TURIÚBA;SP
TURMALINA;SP
UBATUBA;SP
UBIRAJARA;SP
UCHOA;SP
UNIÃO PAULISTA;SP
URÂNIA;SP
URU;SP
URUPÊS;SP
VALENTIM GENTIL;SP
VALINHOS;SP
VALPARAÍSO;SP
VARGEM GRANDE DO SUL;SP
VÁRZEA PAULISTA;SP
VERA CRUZ;SP
VINHEDO;SP
VIRADOURO;SP
VISTA ALEGRE DO ALTO;SP
VOTORANTIM;SP
VOTUPORANGA;SP
BOREBI;SP
DIRCE REIS;SP
EMBAÚBA;SP
ESPÍRITO SANTO DO TURVO;SP
EUCLIDES DA CUNHA PAULISTA;SP
GUATAPARÁ;SP
IARAS;SP
MOTUCA;SP
ROSANA;SP
TARUMÃ;SP
VARGEM GRANDE PAULISTA;SP
SÃO VENDELINO;RS
IMIGRANTE;RS
IMBÉ;RS
IBIRAPUITÃ;RS
ESTAÇÃO;RS
VISTA GAÚCHA;RS
VISTA ALEGRE DO PRATA;RS
VISTA ALEGRE;RS
VILA MARIA;RS
VILA FLORES;RS
TAQUARUÇU DO SUL;RS
SILVEIRA MARTINS;RS
SEGREDO;RS
VANINI;RS
TUPANDI;RS
TUNAS;RS
TRINDADE DO SUL;RS
TRÊS PALMEIRAS;RS
TRÊS CACHOEIRAS;RS
TRÊS ARROIOS;RS
TERRA DE AREIA;RS
SEDE NOVA;RS
SANTA MARIA DO HERVAL;RS
SALDANHA MARINHO;RS
SÃO MIGUEL DAS MISSÕES;RS
SÃO JOSÉ DO HORTÊNCIO;RS
SÃO JOSÉ DO HERVAL;RS
SÃO JORGE;RS
SÃO JOÃO DA URTIGA;RS
SÃO DOMINGOS DO SUL;RS
RIOZINHO;RS
RELVADO;RS
QUINZE DE NOVEMBRO;RS
PROTÁSIO ALVES;RS
PROGRESSO;RS
POUSO NOVO;RS
POÇO DAS ANTAS;RS
PIRAPÓ;RS
PINHAL;RS
PAVERAMA;RS
PARAÍSO DO SUL;RS
PANTANO GRANDE;RS
NOVA ROMA DO SUL;RS
NOVA HARTZ;RS
NOVA ESPERANÇA DO SUL;RS
NOVA ALVORADA;RS
MORRO REDONDO;RS
MONTAURI;RS
LAGOÃO;RS
JAQUIRANA;RS
JABOTICABA;RS
IVORÁ;RS
ITACURUBI;RS
IPIRANGA DO SUL;RS
ABATIÁ;PR
ADRIANÓPOLIS;PR
AGUDOS DO SUL;PR
ALMIRANTE TAMANDARÉ;PR
ALTO PARANÁ;PR
ALTO PIQUIRI;PR
ALVORADA DO SUL;PR
AMAPORÃ;PR
AMPÉRE;PR
ANDIRÁ;PR
ANTONINA;PR
ANTÔNIO OLINTO;PR
APUCARANA;PR
ARAPONGAS;PR
ARAPOTI;PR
ARARUNA;PR
MARILÂNDIA DO SUL;PR
ARAUCÁRIA;PR
ASSAÍ;PR
ASTORGA;PR
ATALAIA;PR
BALSA NOVA;PR
BANDEIRANTES;PR
BARBOSA FERRAZ;PR
BARRACÃO;PR
BARRA DO JACARÉ;PR
BELA VISTA DO PARAÍSO;PR
BITURUNA;PR
BOA ESPERANÇA;PR
BOCAIÚVA DO SUL;PR
BOM SUCESSO;PR
BORRAZÓPOLIS;PR
CAFEARA;PR
CALIFÓRNIA;PR
CAMBARÁ;PR
CAMBÉ;PR
CAMBIRA;PR
CAMPINA DA LAGOA;PR
CAMPINA GRANDE DO SUL;PR
CAMPO DO TENENTE;PR
CAMPO LARGO;PR
CAMPO MOURÃO;PR
CÂNDIDO DE ABREU;PR
CAPANEMA;PR
CAPITÃO LEÔNIDAS MARQUES;PR
CARLÓPOLIS;PR
CASCAVEL;PR
CASTRO;PR
CATANDUVAS;PR
CENTENÁRIO DO SUL;PR
CERRO AZUL;PR
CHOPINZINHO;PR
CIANORTE;PR
CIDADE GAÚCHA;PR
CLEVELÂNDIA;PR
MANGUEIRINHA;PR
COLOMBO;PR
COLORADO;PR
CONGONHINHAS;PR
CONSELHEIRO MAIRINCK;PR
CONTENDA;PR
CORBÉLIA;PR
CORNÉLIO PROCÓPIO;PR
CORONEL VIVIDA;PR
CRUZEIRO DO OESTE;PR
CRUZEIRO DO SUL;PR
CRUZ MACHADO;PR
CURITIBA;PR
CURIÚVA;PR
DIAMANTE DO NORTE;PR
DOIS VIZINHOS;PR
DOUTOR CAMARGO;PR
ENÉAS MARQUES;PR
ENGENHEIRO BELTRÃO;PR
FAXINAL;PR
FÊNIX;PR
FLORAÍ;PR
FLORESTA;PR
FLORESTÓPOLIS;PR
FLÓRIDA;PR
FORMOSA DO OESTE;PR
FOZ DO IGUAÇU;PR
FRANCISCO BELTRÃO;PR
GENERAL CARNEIRO;PR
GOIOERÊ;PR
GUAÍRA;PR
GUAIRAÇÁ;PR
GUAPIRAMA;PR
GUAPOREMA;PR
GUARACI;PR
GUARANIAÇU;PR
GUARAPUAVA;PR
GUARAQUEÇABA;PR
GUARATUBA;PR
IBAITI;PR
IBIPORÃ;PR
ICARAÍMA;PR
IGUARAÇU;PR
IMBITUVA;PR
INÁCIO MARTINS;PR
INAJÁ;PR
IPIRANGA;PR
IPORÃ;PR
IRATI;PR
IRETAMA;PR
ITAGUAJÉ;PR
ITAMBARACÁ;PR
ITAMBÉ;PR
ITAPEJARA D'OESTE;PR
ITAÚNA DO SUL;PR
IVAÍ;PR
IVAIPORÃ;PR
IVATUBA;PR
JABOTI;PR
JACAREZINHO;PR
JAGUAPITÃ;PR
JAGUARIAÍVA;PR
JANDAIA DO SUL;PR
JANIÓPOLIS;PR
JAPIRA;PR
JAPURÁ;PR
JARDIM ALEGRE;PR
JARDIM OLINDA;PR
JATAIZINHO;PR
JOAQUIM TÁVORA;PR
JUNDIAÍ DO SUL;PR
JUSSARA;PR
KALORÉ;PR
LAPA;PR
LARANJEIRAS DO SUL;PR
LEÓPOLIS;PR
LOANDA;PR
LOBATO;PR
LONDRINA;PR
LUPIONÓPOLIS;PR
MALLET;PR
MAMBORÊ;PR
MANDAGUAÇU;PR
MANDAGUARI;PR
MANDIRITUBA;PR
MANOEL RIBAS;PR
MARECHAL CÂNDIDO RONDON;PR
MARIA HELENA;PR
MARIALVA;PR
MARILUZ;PR
MARINGÁ;PR
MARIÓPOLIS;PR
MARMELEIRO;PR
MARUMBI;PR
MATELÂNDIA;PR
MEDIANEIRA;PR
MIRADOR;PR
MIRASELVA;PR
MOREIRA SALES;PR
MORRETES;PR
Munhoz de Melo;PR
NOSSA SENHORA DAS GRAÇAS;PR
NOVA ALIANÇA DO IVAÍ;PR
NOVA AMÉRICA DA COLINA;PR
NOVA CANTU;PR
NOVA ESPERANÇA;PR
NOVA FÁTIMA;PR
NOVA LONDRINA;PR
ORTIGUEIRA;PR
OURIZONA;PR
PAIÇANDU;PR
PALMAS;PR
PALMEIRA;PR
PALMITAL;PR
PALOTINA;PR
PARAÍSO DO NORTE;PR
PARANACITY;PR
PARANAGUÁ;PR
PARANAPOEMA;PR
PARANAVAÍ;PR
PATO BRANCO;PR
PAULA FREITAS;PR
PAULO FRONTIN;PR
PEABIRU;PR
PÉROLA D'OESTE;PR
PIÊN;PR
PINHALÃO;PR
PINHÃO;PR
PIRAÍ DO SUL;PR
PIRAQUARA;PR
PITANGA;PR
PLANALTINA DO PARANÁ;PR
PLANALTO;PR
PONTA GROSSA;PR
PORECATU;PR
PORTO AMAZONAS;PR
PORTO RICO;PR
PORTO VITÓRIA;PR
PRESIDENTE CASTELO BRANCO;PR
PRIMEIRO DE MAIO;PR
PRUDENTÓPOLIS;PR
QUATIGUÁ;PR
QUATRO BARRAS;PR
QUERÊNCIA DO NORTE;PR
QUINTA DO SOL;PR
QUITANDINHA;PR
RANCHO ALEGRE;PR
REALEZA;PR
REBOUÇAS;PR
RENASCENÇA;PR
RESERVA;PR
RIBEIRÃO CLARO;PR
RIBEIRÃO DO PINHAL;PR
RIO AZUL;PR
RIO BOM;PR
RIO BRANCO DO SUL;PR
RIO NEGRO;PR
ROLÂNDIA;PR
RONCADOR;PR
RONDON;PR
SABÁUDIA;PR
SALGADO FILHO;PR
SALTO DO ITARARÉ;PR
SALTO DO LONTRA;PR
SANTA AMÉLIA;PR
SANTA CECÍLIA DO PAVÃO;PR
SANTA CRUZ DE MONTE CASTELO;PR
SANTA FÉ;PR
SANTA INÊS;PR
SANTA ISABEL DO IVAÍ;PR
SANTA IZABEL DO OESTE;PR
SANTA MARIANA;PR
SANTANA DO ITARARÉ;PR
SANTO ANTÔNIO DO SUDOESTE;PR
SANTO ANTÔNIO DA PLATINA;PR
SANTO ANTÔNIO DO CAIUÁ;PR
SANTO ANTÔNIO DO PARAÍSO;PR
SANTO INÁCIO;PR
SÃO CARLOS DO IVAÍ;PR
SÃO JERÔNIMO DA SERRA;PR
SÃO JOÃO;PR
SÃO JOÃO DO CAIUÁ;PR
SÃO JOÃO DO IVAÍ;PR
SÃO JOÃO DO TRIUNFO;PR
SÃO JORGE DO IVAÍ;PR
SÃO JORGE D'OESTE;PR
SÃO JOSÉ DA BOA VISTA;PR
SÃO JOSÉ DOS PINHAIS;PR
SÃO MATEUS DO SUL;PR
SÃO MIGUEL DO IGUAÇU;PR
SÃO PEDRO DO IVAÍ;PR
SÃO PEDRO DO PARANÁ;PR
SÃO SEBASTIÃO DA AMOREIRA;PR
SÃO TOMÉ;PR
SAPOPEMA;PR
SENGÉS;PR
SERTANEJA;PR
SERTANÓPOLIS;PR
SIQUEIRA CAMPOS;PR
TAMBOARA;PR
TAPEJARA;PR
TEIXEIRA SOARES;PR
TELÊMACO BORBA;PR
TERRA BOA;PR
TERRA RICA;PR
TERRA ROXA;PR
TIBAGI;PR
TIJUCAS DO SUL;PR
TOLEDO;PR
TOMAZINA;PR
TUNEIRAS DO OESTE;PR
UBIRATÃ;PR
UMUARAMA;PR
UNIÃO DA VITÓRIA;PR
UNIFLOR;PR
URAÍ;PR
WENCESLAU BRAZ;PR
VERÊ;PR
VITORINO;PR
XAMBRÊ;PR
ALTÔNIA;PR
ASSIS CHATEAUBRIAND;PR
QUEDAS DO IGUAÇU;PR
CÉU AZUL;PR
GRANDES RIOS;PR
INDIANÓPOLIS;PR
MATINHOS;PR
NOVA AURORA;PR
NOVA OLÍMPIA;PR
PÉROLA;PR
SANTA HELENA;PR
TAPIRA;PR
MARILENA;PR
FRANCISCO ALVES;PR
NOVA SANTA ROSA;PR
BOA VISTA DA APARECIDA;PR
BRAGANEY;PR
CAFELÂNDIA;PR
TRÊS BARRAS DO PARANÁ;PR
VERA CRUZ DO OESTE;PR
PRANCHITA;PR
TUPÃSSI;PR
NOVA PRATA DO IGUAÇU;PR
JESUÍTAS;PR
SÃO JORGE DO PATROCÍNIO;PR
ABELARDO LUZ;SC
AGROLÂNDIA;SC
AGRONÔMICA;SC
ÁGUA DOCE;SC
ÁGUAS DE CHAPECÓ;SC
ÁGUAS MORNAS;SC
ALFREDO WAGNER;SC
ANCHIETA;SC
ANGELINA;SC
ANITA GARIBALDI;SC
ANITÁPOLIS;SC
ANTÔNIO CARLOS;SC
ARAQUARI;SC
ARARANGUÁ;SC
ARMAZÉM;SC
ARROIO TRINTA;SC
ASCURRA;SC
ATALANTA;SC
AURORA;SC
BALNEÁRIO CAMBORIÚ;SC
BARRA VELHA;SC
BENEDITO NOVO;SC
BIGUAÇU;SC
BLUMENAU;SC
BOM RETIRO;SC
BOTUVERÁ;SC
BRAÇO DO NORTE;SC
BRUSQUE;SC
CAÇADOR;SC
CAIBI;SC
CAMBORIÚ;SC
CAMPO ALEGRE;SC
CAMPO BELO DO SUL;SC
CAMPO ERÊ;SC
CAMPOS NOVOS;SC
CANELINHA;SC
CANOINHAS;SC
CAPINZAL;SC
CATANDUVAS;SC
CAXAMBU DO SUL;SC
CHAPECÓ;SC
CONCÓRDIA;SC
CORONEL FREITAS;SC
CORUPÁ;SC
CRICIÚMA;SC
CUNHA PORÃ;SC
CURITIBANOS;SC
DESCANSO;SC
DIONÍSIO CERQUEIRA;SC
DONA EMMA;SC
ERVAL VELHO;SC
FAXINAL DOS GUEDES;SC
FLORIANÓPOLIS;SC
FRAIBURGO;SC
GALVÃO;SC
GOVERNADOR CELSO RAMOS;SC
GAROPABA;SC
GARUVA;SC
GASPAR;SC
GRÃO PARÁ;SC
GRAVATAL;SC
GUABIRUBA;SC
GUARACIABA;SC
GUARAMIRIM;SC
GUARUJÁ DO SUL;SC
HERVAL D'OESTE;SC
IBICARÉ;SC
IBIRAMA;SC
IÇARA;SC
ILHOTA;SC
IMARUÍ;SC
IMBITUBA;SC
IMBUIA;SC
INDAIAL;SC
IPIRA;SC
IPUMIRIM;SC
IRANI;SC
IRINEÓPOLIS;SC
ITÁ;SC
ITAIÓPOLIS;SC
ITAJAÍ;SC
ITAPEMA;SC
ITAPIRANGA;SC
ITUPORANGA;SC
JABORÁ;SC
JACINTO MACHADO;SC
JAGUARUNA;SC
JARAGUÁ DO SUL;SC
JOAÇABA;SC
JOINVILLE;SC
LACERDÓPOLIS;SC
LAGES;SC
LAGUNA;SC
LAURENTINO;SC
LAURO MULLER;SC
LEBON RÉGIS;SC
LEOBERTO LEAL;SC
LONTRAS;SC
LUIZ ALVES;SC
MAFRA;SC
MAJOR GERCINO;SC
MAJOR VIEIRA;SC
MARAVILHA;SC
MASSARANDUBA;SC
MATOS COSTA;SC
MELEIRO;SC
MODELO;SC
MONDAÍ;SC
MONTE CASTELO;SC
MORRO DA FUMAÇA;SC
NAVEGANTES;SC
NOVA ERECHIM;SC
NOVA TRENTO;SC
NOVA VENEZA;SC
ORLEANS;SC
OURO;SC
PALHOÇA;SC
PALMA SOLA;SC
PALMITOS;SC
PAPANDUVA;SC
PAULO LOPES;SC
PEDRAS GRANDES;SC
PENHA;SC
PERITIBA;SC
PETROLÂNDIA;SC
BALNEÁRIO DE PIÇARRAS;SC
PINHALZINHO;SC
PINHEIRO PRETO;SC
PIRATUBA;SC
POMERODE;SC
PONTE ALTA;SC
PONTE SERRADA;SC
PORTO BELO;SC
PORTO UNIÃO;SC
POUSO REDONDO;SC
PRAIA GRANDE;SC
PRESIDENTE CASTELLO BRANCO;SC
PRESIDENTE GETÚLIO;SC
PRESIDENTE NEREU;SC
QUILOMBO;SC
RANCHO QUEIMADO;SC
RIO DAS ANTAS;SC
RIO DO CAMPO;SC
RIO DO OESTE;SC
RIO DOS CEDROS;SC
RIO DO SUL;SC
RIO FORTUNA;SC
RIO NEGRINHO;SC
RODEIO;SC
ROMELÂNDIA;SC
SALETE;SC
SALTO VELOSO;SC
SANTA CECÍLIA;SC
SANTA ROSA DE LIMA;SC
SANTO AMARO DA IMPERATRIZ;SC
SÃO BENTO DO SUL;SC
SÃO BONIFÁCIO;SC
SÃO CARLOS;SC
SÃO DOMINGOS;SC
SÃO FRANCISCO DO SUL;SC
SÃO JOÃO BATISTA;SC
SÃO JOÃO DO SUL;SC
SÃO JOAQUIM;SC
SÃO JOSÉ;SC
SÃO JOSÉ DO CEDRO;SC
SÃO JOSÉ DO CERRITO;SC
São Lourenço do Oeste;SC
SÃO LUDGERO;SC
SÃO MARTINHO;SC
SÃO MIGUEL DO OESTE;SC
SAUDADES;SC
SCHROEDER;SC
SEARA;SC
SIDERÓPOLIS;SC
SOMBRIO;SC
TAIÓ;SC
TANGARÁ;SC
TIJUCAS;SC
TIMBÓ;SC
TRÊS BARRAS;SC
TREZE DE MAIO;SC
TREZE TÍLIAS;SC
TROMBUDO CENTRAL;SC
TUBARÃO;SC
TURVO;SC
URUBICI;SC
URUSSANGA;SC
VARGEÃO;SC
VIDAL RAMOS;SC
VIDEIRA;SC
WITMARSUM;SC
XANXERÊ;SC
XAVANTINA;SC
XAXIM;SC
BOM JARDIM DA SERRA;SC
MARACAJÁ;SC
TIMBÉ DO SUL;SC
CORREIA PINTO;SC
OTACÍLIO COSTA;SC
IPÊ;RS
IBARAMA;RS
HARMONIA;RS
GUABIJU;RS
GLORINHA;RS
FAXINALZINHO;RS
FAGUNDES VARELA;RS
EUGÊNIO DE CASTRO;RS
ERNESTINA;RS
EREBANGO;RS
ENTRE IJUIS;RS
ENTRE RIOS DO SUL;RS
ELDORADO DO SUL;RS
DOUTOR MAURÍCIO CARDOSO;RS
DOIS LAJEADOS;RS
DEZESSEIS DE NOVEMBRO;RS
CRISTAL;RS
CIDREIRA;RS
CERRO GRANDE DO SUL;RS
CERRO GRANDE;RS
CERRO BRANCO;RS
CASEIROS;RS
CAPELA DE SANTANA;RS
CAMPOS BORGES;RS
CAMARGO;RS
BROCHIER;RS
CANTAGALO;PR
TURVO;PR
ALTAMIRA DO PARANÁ;PR
FIGUEIRA;PR
LUNARDELLI;PR
SARANDI;PR
JURANDA;PR
DOURADINA;PR
SANTA TEREZINHA DE ITAIPU;PR
MISSAL;PR
SÃO JOSÉ DAS PALMEIRAS;PR
ROSÁRIO DO IVAÍ;PR
CAMPO BONITO;PR
SULINA;PR
CORUMBATAÍ DO SUL;PR
LUIZIANA;PR
BOQUEIRÃO DO LEÃO;RS
BARÃO;RS
ÁUREA;RS
ARROIO DO SAL;RS
ANDRÉ DA ROCHA;RS
AMARAL FERRADOR;RS
ALTO ALEGRE;RS
ALEGRIA;RS
ÁGUA SANTA;RS
AGUDO;RS
AJURICABA;RS
ALECRIM;RS
ALEGRETE;RS
ALPESTRE;RS
ALVORADA;RS
ANTA GORDA;RS
ANTÔNIO PRADO;RS
ARATIBA;RS
ARROIO DO MEIO;RS
ARROIO DOS RATOS;RS
ARROIO DO TIGRE;RS
ARROIO GRANDE;RS
ARVOREZINHA;RS
AUGUSTO PESTANA;RS
BAGÉ;RS
BARÃO DE COTEGIPE;RS
BARRACÃO;RS
BARRA DO RIBEIRO;RS
BARROS CASSAL;RS
BENTO GONÇALVES;RS
BOA VISTA DO BURICÁ;RS
BOM JESUS;RS
BOM RETIRO DO SUL;RS
BOSSOROCA;RS
BRAGA;RS
BUTIÁ;RS
CAÇAPAVA DO SUL;RS
CACEQUI;RS
CACHOEIRA DO SUL;RS
CACHOEIRINHA;RS
CACIQUE DOBLE;RS
CAIBATÉ;RS
CAIÇARA;RS
CAMAQUÃ;RS
CAMBARÁ DO SUL;RS
CAMPINA DAS MISSÕES;RS
CAMPINAS DO SUL;RS
CAMPO BOM;RS
CAMPO NOVO;RS
CANDELÁRIA;RS
CÂNDIDO GODÓI;RS
CANELA;RS
CANGUÇU;RS
CANOAS;RS
CARAZINHO;RS
CARLOS BARBOSA;RS
CASCA;RS
CATUÍPE;RS
CAXIAS DO SUL;RS
CERRO LARGO;RS
CHAPADA;RS
CHIAPETTA;RS
CIRÍACO;RS
COLORADO;RS
CONDOR;RS
CONSTANTINA;RS
CORONEL BICACO;RS
CRISSIUMAL;RS
CRUZ ALTA;RS
CRUZEIRO DO SUL;RS
DAVID CANABARRO;RS
DOIS IRMÃOS;RS
DOM FELICIANO;RS
DOM PEDRITO;RS
DONA FRANCISCA;RS
ENCANTADO;RS
ENCRUZILHADA DO SUL;RS
ERECHIM;RS
HERVAL;RS
ERVAL GRANDE;RS
ERVAL SECO;RS
ESMERALDA;RS
ESPUMOSO;RS
ESTÂNCIA VELHA;RS
ESTEIO;RS
ESTRELA;RS
FARROUPILHA;RS
FAXINAL DO SOTURNO;RS
FELIZ;RS
FLORES DA CUNHA;RS
FONTOURA XAVIER;RS
FORMIGUEIRO;RS
FREDERICO WESTPHALEN;RS
GARIBALDI;RS
GAURAMA;RS
GENERAL CÂMARA;RS
SÃO VICENTE DO SUL;RS
GETÚLIO VARGAS;RS
FLORES DE GOIÁS;GO
FORMOSA;GO
FORMOSO;GO
FORMOSO DO ARAGUAIA;TO
GOIANÁPOLIS;GO
GOIANDIRA;GO
GOIANÉSIA;GO
GOIÂNIA;GO
GOIANIRA;GO
GOIÁS;GO
GOIATUBA;GO
GUAPÓ;GO
GUARANI DE GOIÁS;GO
GURUPI;TO
HEITORAÍ;GO
HIDROLÂNDIA;GO
HIDROLINA;GO
IACIARA;GO
INHUMAS;GO
IPAMERI;GO
IPORÁ;GO
ISRAELÂNDIA;GO
ITABERAÍ;GO
ITACAJÁ;TO
ITAGUARU;GO
ITAGUATINS;TO
ITAJÁ;GO
ITAPACI;GO
ITAPIRAPUÃ;GO
ITAPORÃ DO TOCANTINS;TO
ITAPURANGA;GO
ITARUMÃ;GO
ITAUÇU;GO
ITUMBIARA;GO
IVOLÂNDIA;GO
JANDAIA;GO
JARAGUÁ;GO
JATAÍ;GO
JAUPACI;GO
JOVIÂNIA;GO
JUSSARA;GO
ALIANÇA DO TOCANTINS;TO
LEOPOLDO DE BULHÕES;GO
LUZIÂNIA;GO
MAIRIPOTABA;GO
MAMBAÍ;GO
MARA ROSA;GO
MARZAGÃO;GO
PARANAIGUARA;GO
MAURILÂNDIA;GO
MINEIROS;GO
MIRACEMA DO TOCANTINS;TO
MIRANORTE;TO
MOIPORÁ;GO
MONTE ALEGRE DE GOIÁS;GO
MONTE DO CARMO;TO
MONTES CLAROS DE GOIÁS;GO
MORRINHOS;GO
MOSSÂMEDES;GO
MOZARLÂNDIA;GO
MUTUNÓPOLIS;GO
NATIVIDADE;TO
NAZARÉ;TO
NAZÁRIO;GO
NERÓPOLIS;GO
NIQUELÂNDIA;GO
NOVA AMÉRICA;GO
NOVA AURORA;GO
NOVA ROMA;GO
NOVA VENEZA;GO
NOVO ACORDO;TO
NOVO BRASIL;GO
ORIZONA;GO
OURO VERDE DE GOIÁS;GO
OUVIDOR;GO
PADRE BERNARDO;GO
PALMEIRAS DE GOIÁS;GO
PALMELO;GO
PALMINÓPOLIS;GO
PANAMÁ;GO
PARAÍSO DO TOCANTINS;TO
PARANÃ;TO
PARAÚNA;GO
PEDRO AFONSO;TO
PEIXE;TO
COLMÉIA;TO
PETROLINA DE GOIÁS;GO
GOIATINS;TO
PILAR DE GOIÁS;GO
PINDORAMA DO TOCANTINS;TO
PIRACANJUBA;GO
PIRANHAS;GO
PIRENÓPOLIS;GO
PIRES DO RIO;GO
PIUM;TO
PONTALINA;GO
PONTE ALTA DO BOM JESUS;TO
PONTE ALTA DO TOCANTINS;TO
PORANGATU;GO
PORTELÂNDIA;GO
PORTO NACIONAL;TO
POSSE;GO
QUIRINÓPOLIS;GO
RIALMA;GO
RIANÁPOLIS;GO
LIZARDA;TO
EXTERIOR;EX
CAMPO LIMPO DE GOIÁS;GO
GAMELEIRA DE GOIÁS;GO
IPIRANGA DE GOIÁS;GO
LAGOA SANTA;GO
BOM JESUS DO ARAGUAIA;MT
COLNIZA;MT
CONQUISTA D'OESTE;MT
CURVELÂNDIA;MT
NOVA NAZARÉ;MT
NOVA SANTA HELENA;MT
NOVO SANTO ANTÔNIO;MT
RONDOLÂNDIA;MT
BARROCAS;BA
LUÍS EDUARDO MAGALHÃES;BA
GOVERNADOR LINDENBERG;ES
NAZÁRIA;PI
MOJUÍ DOS CAMPOS;PA
BALNEÁRIO RINCÃO;SC
PESCARIA BRAVA;SC
PARAÍSO DAS ÁGUAS;MS
GIRUÁ;RS
GRAMADO;RS
GRAVATAÍ;RS
GUAÍBA;RS
GUAPORÉ;RS
GUARANI DAS MISSÕES;RS
HORIZONTINA;RS
CHARQUEADAS;RS
HUMAITÁ;RS
IBIAÇÁ;RS
IBIRAIARAS;RS
IBIRUBÁ;RS
IGREJINHA;RS
IJUÍ;RS
ILÓPOLIS;RS
INDEPENDÊNCIA;RS
IRAÍ;RS
ITAQUI;RS
ITATIBA DO SUL;RS
IVOTI;RS
JACUTINGA;RS
JAGUARÃO;RS
JAGUARI;RS
JÚLIO DE CASTILHOS;RS
LAGOA VERMELHA;RS
LAJEADO;RS
LAVRAS DO SUL;RS
LIBERATO SALZANO;RS
MACHADINHO;RS
MARAU;RS
MARCELINO RAMOS;RS
MARIANO MORO;RS
MATA;RS
MAXIMILIANO DE ALMEIDA;RS
MIRAGUAÍ;RS
MONTENEGRO;RS
MOSTARDAS;RS
MUÇUM;RS
NÃO-ME-TOQUE;RS
NONOAI;RS
NOVA ARAÇÁ;RS
NOVA BASSANO;RS
NOVA BRÉSCIA;RS
NOVA PALMA;RS
NOVA PETRÓPOLIS;RS
NOVA PRATA;RS
NOVO HAMBURGO;RS
OSÓRIO;RS
PAIM FILHO;RS
PALMEIRA DAS MISSÕES;RS
PALMITINHO;RS
PANAMBI;RS
PARAÍ;RS
PASSO FUNDO;RS
PEDRO OSÓRIO;RS
PEJUÇARA;RS
PELOTAS;RS
PINHEIRO MACHADO;RS
PIRATINI;RS
PLANALTO;RS
PORTÃO;RS
PORTO ALEGRE;RS
PORTO LUCENA;RS
PORTO XAVIER;RS
PUTINGA;RS
QUARAÍ;RS
REDENTORA;RS
RESTINGA SECA;RS
RIO GRANDE;RS
RIO PARDO;RS
ROCA SALES;RS
RODEIO BONITO;RS
ROLANTE;RS
RONDA ALTA;RS
RONDINHA;RS
ROQUE GONZALES;RS
ROSÁRIO DO SUL;RS
SALVADOR DO SUL;RS
SANANDUVA;RS
SANTA BÁRBARA DO SUL;RS
SANTA CRUZ DO SUL;RS
SANTA MARIA;RS
SANTANA DA BOA VISTA;RS
SANTANA DO LIVRAMENTO;RS
SANTA ROSA;RS
SANTA VITÓRIA DO PALMAR;RS
SANTIAGO;RS
SANTO ÂNGELO;RS
SANTO ANTÔNIO DA PATRULHA;RS
SANTO ANTÔNIO DAS MISSÕES;RS
SANTO AUGUSTO;RS
SANTO CRISTO;RS
SÃO BORJA;RS
SÃO FRANCISCO DE ASSIS;RS
SÃO FRANCISCO DE PAULA;RS
SÃO GABRIEL;RS
SÃO JERÔNIMO;RS
SÃO JOSÉ DO NORTE;RS
SÃO JOSÉ DO OURO;RS
SÃO LEOPOLDO;RS
SÃO LOURENÇO DO SUL;RS
SÃO LUIZ GONZAGA;RS
SÃO MARCOS;RS
SÃO MARTINHO;RS
SÃO NICOLAU;RS
SÃO PAULO DAS MISSÕES;RS
SÃO PEDRO DO SUL;RS
SÃO SEBASTIÃO DO CAÍ;RS
SÃO SEPÉ;RS
SÃO VALENTIM;RS
SAPIRANGA;RS
SAPUCAIA DO SUL;RS
SARANDI;RS
SEBERI;RS
SELBACH;RS
SERAFINA CORRÊA;RS
SERTÃO;RS
SEVERIANO DE ALMEIDA;RS
CAPÃO DA CANOA;RS
SOBRADINHO;RS
SOLEDADE;RS
TAPEJARA;RS
TAPERA;RS
TAPES;RS
TAQUARA;RS
TAQUARI;RS
TENENTE PORTELA;RS
TORRES;RS
TRAMANDAÍ;RS
TRÊS COROAS;RS
TRÊS DE MAIO;RS
TRÊS PASSOS;RS
TRIUNFO;RS
TUCUNDUVA;RS
TUPANCIRETÃ;RS
TUPARENDI;RS
URUGUAIANA;RS
VACARIA;RS
VENÂNCIO AIRES;RS
VERA CRUZ;RS
VERANÓPOLIS;RS
VIADUTOS;RS
VIAMÃO;RS
VICENTE DUTRA;RS
PALMARES DO SUL;RS
VICTOR GRAEFF;RS
TAVARES;RS
CAPÃO DO LEÃO;RS
SALTO DO JACUÍ;RS
COTIPORÃ;RS
COLÍDER;MT
NOVA BRASILÂNDIA;MT
PARANATINGA;MT
SINOP;MT
ALTA FLORESTA;MT
ARAPUTANGA;MT
JAURU;MT
SÃO JOSÉ DOS QUATRO MARCOS;MT
RIO BRANCO;MT
SALTO DO CÉU;MT
PONTES E LACERDA;MT
ACORIZAL;MT
ÁGUA CLARA;MS
ALTO ARAGUAIA;MT
ALTO GARÇAS;MT
ALTO PARAGUAI;MT
AMAMBAÍ;MS
ANASTÁCIO;MS
ANAURILÂNDIA;MS
ANTÔNIO JOÃO;MS
APARECIDA DO TABOADO;MS
AQUIDAUANA;MS
ARAGUAINHA;MT
ARENÁPOLIS;MT
ARIPUANÃ;MT
BANDEIRANTES;MS
BARÃO DE MELGAÇO;MT
BARRA DO BUGRES;MT
BARRA DO GARÇAS;MT
BATAGUASSU;MS
BATAYPORÃ;MS
BELA VISTA;MS
BONITO;MS
BRASILÂNDIA;MS
CÁCERES;MT
CAMAPUÃ;MS
CAMPO GRANDE;MS
CARACOL;MS
CAARAPÓ;MS
CASSILÂNDIA;MS
CHAPADA DOS GUIMARÃES;MT
CORGUINHO;MS
CORUMBÁ;MS
COXIM;MS
CUIABÁ;MT
DIAMANTINO;MT
DOM AQUINO;MT
DOURADOS;MS
FÁTIMA DO SUL;MS
GENERAL CARNEIRO;MT
GLÓRIA DE DOURADOS;MS
GUIA LOPES DA LAGUNA;MS
GUIRATINGA;MT
IGUATEMI;MS
INOCÊNCIA;MS
ITAPORÃ;MS
ITIQUIRA;MT
IVINHEMA;MS
JACIARA;MT
JARAGUARI;MS
JARDIM;MS
JATEÍ;MS
LADÁRIO;MS
LUCIÁRA;MT
MARACAJU;MS
VILA BELA DA SANTÍSSIMA TRINDADE;MT
MIRANDA;MS
NAVIRAÍ;MS
NIOAQUE;MS
NOBRES;MT
NORTELÂNDIA;MT
NOSSA SENHORA DO LIVRAMENTO;MT
NOVA ANDRADINA;MS
PARANAÍBA;MS
PEDRO GOMES;MS
POCONÉ;MT
PONTA PORÃ;MS
PONTE BRANCA;MT
PORTO DOS GAÚCHOS;MT
PORTO MURTINHO;MS
POXORÉU;MT
RIBAS DO RIO PARDO;MS
RIO BRILHANTE;MS
RIO NEGRO;MS
RIO VERDE DE MATO GROSSO;MS
ROCHEDO;MS
RONDONÓPOLIS;MT
ROSÁRIO OESTE;MT
SANTO ANTÔNIO DO LEVERGER;MT
SIDROLÂNDIA;MS
TERENOS;MS
TESOURO;MT
TORIXORÉU;MT
TRÊS LAGOAS;MS
VÁRZEA GRANDE;MT
ANGÉLICA;MS
ARAL MOREIRA;MS
ELDORADO;MS
DEODÁPOLIS;MS
MIRASSOL D'OESTE;MT
MUNDO NOVO;MS
PEDRA PRETA;MT
SÃO FÉLIX DO ARAGUAIA;MT
TANGARÁ DA SERRA;MT
VICENTINA;MS
JUSCIMEIRA;MT
ÁGUA BOA;MT
CANARANA;MT
NOVA XAVANTINA;MT
SANTA TEREZINHA;MT
SÃO JOSÉ DO RIO CLARO;MT
ABADIÂNIA;GO
ÁGUA LIMPA;GO
ALEXÂNIA;GO
ALMAS;TO
ALOÂNDIA;GO
ALTO PARAÍSO DE GOIÁS;GO
ALVORADA;TO
ALVORADA DO NORTE;GO
AMORINÓPOLIS;GO
ANANÁS;TO
ANÁPOLIS;GO
ANHANGUERA;GO
ANICUNS;GO
APARECIDA DE GOIÂNIA;GO
APORÉ;GO
ARAÇU;GO
ARAGARÇAS;GO
ARAGOIÂNIA;GO
ARAGUACEMA;TO
ARAGUAÇU;TO
ARAGUAÍNA;TO
ARAGUATINS;TO
ARAPOEMA;TO
ARRAIAS;TO
ARUANÃ;GO
AURILÂNDIA;GO
AURORA DO TOCANTINS;TO
AVELINÓPOLIS;GO
AXIXÁ DO TOCANTINS;TO
BABAÇULÂNDIA;TO
BALIZA;GO
BARRO ALTO;GO
BELA VISTA DE GOIÁS;GO
BOM JARDIM DE GOIÁS;GO
BOM JESUS;GO
BRAZABRANTES;GO
BREJINHO DE NAZARÉ;TO
BRITÂNIA;GO
BURITI ALEGRE;GO
CABECEIRAS;GO
CACHOEIRA ALTA;GO
CACHOEIRA DE GOIÁS;GO
CAÇU;GO
CAIAPÔNIA;GO
CALDAS NOVAS;GO
CAMPESTRE DE GOIÁS;GO
CAMPINORTE;GO
CAMPO ALEGRE DE GOIÁS;GO
CAMPOS BELOS;GO
CARMO DO RIO VERDE;GO
CATALÃO;GO
CATURAÍ;GO
CAVALCANTE;GO
CERES;GO
DIVINÓPOLIS DE GOIÁS;GO
COLINAS DO TOCANTINS;TO
CONCEIÇÃO DO TOCANTINS;TO
CÓRREGO DO OURO;GO
CORUMBÁ DE GOIÁS;GO
CORUMBAÍBA;GO
COUTO DE MAGALHÃES;TO
CRISTALÂNDIA;TO
CRISTALINA;GO
CRISTIANÓPOLIS;GO
CRIXÁS;GO
CROMÍNIA;GO
CUMARI;GO
DAMIANÓPOLIS;GO
DAMOLÂNDIA;GO
DAVINÓPOLIS;GO
DIANÓPOLIS;TO
DIORAMA;GO
DOIS IRMÃOS DO TOCANTINS;TO
DUERÉ;TO
EDÉIA;GO
ESTRELA DO NORTE;GO
FAZENDA NOVA;GO
FILADÉLFIA;TO
FIRMINÓPOLIS;GO
RIO VERDE;GO
RUBIATABA;GO
SANCLERLÂNDIA;GO
SANTA BÁRBARA DE GOIÁS;GO
SANTA CRUZ DE GOIÁS;GO
SANTA HELENA DE GOIÁS;GO
SANTA RITA DO ARAGUAIA;GO
SANTA ROSA DE GOIÁS;GO
SANTA TEREZA DE GOIÁS;GO
SANTA TEREZINHA DE GOIÁS;GO
SÃO DOMINGOS;GO
SÃO FRANCISCO DE GOIÁS;GO
PLANALTINA;GO
SÃO JOÃO D'ALIANÇA;GO
SÃO LUÍS DE MONTES BELOS;GO
SÃO MIGUEL DO ARAGUAIA;GO
SÃO SEBASTIÃO DO TOCANTINS;TO
SÃO SIMÃO;GO
SERRANÓPOLIS;GO
SILVÂNIA;GO
SÍTIO D'ABADIA;GO
SÍTIO NOVO DO TOCANTINS;TO
TAGUATINGA;TO
TAQUARAL DE GOIÁS;GO
TOCANTÍNIA;TO
TOCANTINÓPOLIS;TO
TRÊS RANCHOS;GO
TRINDADE;GO
GUARAÍ;TO
PRESIDENTE KENNEDY;TO
TURVÂNIA;GO
URUAÇU;GO
URUANA;GO
URUTAÍ;GO
VARJÃO;GO
VIANÓPOLIS;GO
XAMBIOÁ;TO
ACREÚNA;GO
MINAÇU;GO
PALMEIRÓPOLIS;TO
MUNDO NOVO;GO
NOVA CRIXÁS;GO
NOVA GLÓRIA;GO
VICENTINÓPOLIS;GO
SILVANÓPOLIS;TO
AMERICANO DO BRASIL;GO
NOVA OLINDA;TO
WANDERLÂNDIA;TO
FIGUEIRÓPOLIS;TO
ARAGUAPAZ;GO
ARENÓPOLIS;GO
CACHOEIRA DOURADA;GO
DOVERLÂNDIA;GO
SANTO ANTÔNIO DO DESCOBERTO;GO
RIO SONO;TO
INDIARA;GO
FÁTIMA;TO
AUGUSTINÓPOLIS;TO
CAMPINAÇU;GO
SANTA ISABEL;GO
SÃO VALÉRIO DA NATIVIDADE;TO
BARROLÂNDIA;TO
BERNARDO SAYÃO;TO
COMBINADO;TO
GOIANORTE;TO
BRASÍLIA;DF
NOVO ALEGRE;TO
PEQUIZEIRO;TO
MARIANÓPOLIS DO TOCANTINS;TO
APARECIDA DO RIO NEGRO;TO
BURITI DO TOCANTINS;TO
CASEARA;TO
DIVINÓPOLIS DO TOCANTINS;TO
NOVA ROSALÂNDIA;TO
PORTO ALEGRE DO TOCANTINS;TO
PRAIA NORTE;TO
SAMPAIO;TO
SANTA ROSA DO TOCANTINS;TO
SANTA TEREZA DO TOCANTINS;TO
PALMAS;TO
NOVO PLANALTO;GO
PALESTINA DE GOIÁS;GO
PARANHOS;MS
RIBEIRÃO CASCALHEIRA;MT
SANTA FÉ DE GOIÁS;GO
SANTA RITA DO PARDO;MS
SÃO JOÃO DA PARAÚNA;GO
SÃO LUIZ DO NORTE;GO
SÃO MIGUEL DO PASSA QUATRO;GO
SENADOR CANEDO;GO
SIMOLÂNDIA;GO
SONORA;MS
TERESINA DE GOIÁS;GO
TROMBAS;GO
TAPURAH;MT
TURVELÂNDIA;GO
ALAGOINHA DO PIAUÍ;PI
ADELÂNDIA;GO
ÁGUA FRIA DE GOIÁS;GO
APIACÁS;MT
BONFINÓPOLIS;GO
CAMPO NOVO DO PARECIS;MT
CAMPO VERDE;MT
CAMPOS VERDES;GO
CASTANHEIRA;MT
CEZARINA;GO
CHAPADÃO DO SUL;MS
CLÁUDIA;MT
COLINAS DO SUL;GO
DOIS IRMÃOS DO BURITI;MS
EDEALINA;GO
FAINA;GO
GOUVELÂNDIA;GO
BODOQUENA;MS
COSTA RICA;MS
DOURADINA;MS
ITAQUIRAÍ;MS
SÃO GABRIEL DO OESTE;MS
SELVÍRIA;MS
SETE QUEDAS;MS
TACURU;MS
TAQUARUSSU;MS
JUARA;MT
TEUTÔNIA;RS
BOM PRINCÍPIO;RS
PAROBÉ;RS
FORTALEZA DOS VALOS;RS
JÓIA;RS
JUÍNA;MT
DENISE;MT
IRANDUBA;AM
ITAMARATI;AM
MANAQUIRI;AM
PRESIDENTE FIGUEIREDO;AM
RIO PRETO DA EVA;AM
SÃO SEBASTIÃO DO UATUMÃ;AM
TABATINGA;AM
UARINI;AM
TONANTINS;AM
QUIXELÔ;CE
UMIRIM;CE
VARJOTA;CE
JABORANDI;BA
JANGADA;MT
CAMPINÁPOLIS;MT
COCALINHO;MT
NOVO SÃO JOAQUIM;MT
ARAGUAIANA;MT
PRIMAVERA DO LESTE;MT
BRASNORTE;MT
PORTO ESPERIDIÃO;MT
INDIAVAÍ;MT
RESERVA DO CABAÇAL;MT
FIGUEIRÓPOLIS D'OESTE;MT
COMODORO;MT
PARANAÍTA;MT
GUARANTÃ DO NORTE;MT
NOVA CANAÃ DO NORTE;MT
PEIXOTO DE AZEVEDO;MT
NOVA OLÍMPIA;MT
PORTO ALEGRE DO NORTE;MT
VILA RICA;MT
MARCELÂNDIA;MT
ITAÚBA;MT
NOVO HORIZONTE DO NORTE;MT
VERA;MT
SORRISO;MT
TERRA NOVA DO NORTE;MT
ALTO TAQUARI;MT
NOVA TEBAS;PR
DIAMANTE D'OESTE;PR
QUITERIANÓPOLIS;CE
ITAGUARI;GO
JURUENA;MT
JUTI;MS
LUCAS DO RIO VERDE;MT
MATRINCHÃ;GO
MATUPÁ;MT
MIMOSO DE GOIÁS;GO
MONTIVIDIU;GO
MORRO AGUDO DE GOIÁS;GO
NOVA MUTUM;MT
ABDON BATISTA;SC
APIÚNA;SC
CELSO RAMOS;SC
DOUTOR PEDRINHO;SC
GODOY MOREIRA;PR
IBEMA;PR
IPORÃ DO OESTE;SC
IRACEMINHA;SC
IVATÉ;PR
JOSÉ BOITEUX;SC
LINDOESTE;PR
LINDÓIA DO SUL;SC
MAREMA;SC
OURO VERDE DO OESTE;PR
SANTA ROSA DO SUL;SC
SANTA TEREZA DO OESTE;PR
TIMBÓ GRANDE;SC
UNIÃO DO OESTE;SC
URUPEMA;SC
VITOR MEIRELES;SC
BOM SUCESSO DO SUL;PR
HONÓRIO SERPA;PR
FAZENDA RIO GRANDE;PR
ITAPOÁ;SC
SERRA ALTA;SC
TUNÁPOLIS;SC
GUARINOS;GO
RIO QUENTE;GO
CORONEL SAPUCAIA;MS
